{
  "description": "An object defining our schema for this request",
  "content": {
    "multipart/form-data": {
      "schema": {
        "required": ["category_id", "title", "status", "file"],
        "type": "object",
        "properties": {
          "category_id": {
            "type": "integer",
            "example": ""
          },
          "title": {
            "type": "string"
          },
          "status": {
            "type": "string",
            "enum": ["active", "inactive"],
            "example": "active"
          },
          "file": {
            "type": "string",
            "format": "binary"
          }
        }
      }
    }
  },
  "required": true
}
