{
  "openapi": "3.0.1",
  "info": {
    "title": "AirIndia APIs",
    "termsOfService": "",
    "version": "1.0.0"
  },
  "servers": [
    {
      "url": "/api/v1/admin"
    },
    {
      "url": "/api/v1"
    }
  ],
  "tags": [
    {
      "name": "Auth"
    },
    {
      "name": "CMS"
    },
    {
      "name": "General"
    },
    {
      "name": "Master"
    }
  ],
  "paths": {
    "/auth/login": {
      "post": {
        "tags": ["Auth"],
        "summary": "User Login: Validate Credentials: Login",
        "description": "Used for user login",
        "parameters": [],
        "requestBody": {
          "$ref": "./resources/site/auth/login.json"
        },
        "responses": {
          "200": {
            "description": "Success",
            "content": {
              "application/json": {
                "schema": {
                  "$ref": "#/components/schemas/successResponseObject"
                }
              }
            }
          },
          "400": {
            "description": "Bad Request",
            "content": {
              "application/json": {
                "schema": {
                  "$ref": "#/components/schemas/badRequestResponse"
                }
              }
            }
          },
          "401": {
            "description": "Unauthorized Access",
            "content": {
              "application/json": {
                "schema": {
                  "$ref": "#/components/schemas/unauthorizedResponse"
                }
              }
            }
          },
          "403": {
            "description": "Forbidden",
            "content": {
              "application/json": {
                "schema": {
                  "$ref": "#/components/schemas/forbiddenResponse"
                }
              }
            }
          },
          "500": {
            "description": "Server Error",
            "content": {
              "application/json": {
                "schema": {
                  "$ref": "#/components/schemas/serverErrorResponse"
                }
              }
            }
          }
        },
        "security": [{ "ApiKeyAuth": [] }],
        "x-codegen-request-body-name": "body"
      }
    },
    "/setting/update": {
      "post": {
        "tags": ["General"],
        "summary": "Site Settings Update: Validate Credentials",
        "description": "Site Settings Update",

        "requestBody": {
          "$ref": "./resources/admin/general/setting.json"
        },
        "responses": {
          "200": {
            "description": "Success",
            "content": {
              "application/json": {
                "schema": {
                  "$ref": "#/components/schemas/successResponseObject"
                }
              }
            }
          },
          "400": {
            "description": "Bad Request",
            "content": {
              "application/json": {
                "schema": {
                  "$ref": "#/components/schemas/badRequestResponse"
                }
              }
            }
          },
          "401": {
            "description": "Unauthorized Access",
            "content": {
              "application/json": {
                "schema": {
                  "$ref": "#/components/schemas/unauthorizedResponse"
                }
              }
            }
          },
          "403": {
            "description": "Forbidden",
            "content": {
              "application/json": {
                "schema": {
                  "$ref": "#/components/schemas/forbiddenResponse"
                }
              }
            }
          },
          "500": {
            "description": "Server Error",
            "content": {
              "application/json": {
                "schema": {
                  "$ref": "#/components/schemas/serverErrorResponse"
                }
              }
            }
          }
        },
        "security": [{ "ApiKeyAuth": [], "bearerAuth": [] }],
        "x-codegen-request-body-name": "body"
      }
    },
    "/setting/details": {
      "get": {
        "tags": ["General"],
        "summary": "Site Settings: Validate Credentials",
        "description": "Site Settings details",
        "requestBody": {
          "description": "An object defining our schema for this request",
          "content": {
            "application/x-www-form-urlencoded": {},
            "application/json": {}
          }
        },
        "responses": {
          "200": {
            "description": "Success",
            "content": {
              "application/json": {
                "schema": {
                  "$ref": "#/components/schemas/successResponseObject"
                }
              }
            }
          },
          "400": {
            "description": "Bad Request",
            "content": {
              "application/json": {
                "schema": {
                  "$ref": "#/components/schemas/badRequestResponse"
                }
              }
            }
          },
          "401": {
            "description": "Unauthorized Access",
            "content": {
              "application/json": {
                "schema": {
                  "$ref": "#/components/schemas/unauthorizedResponse"
                }
              }
            }
          },
          "403": {
            "description": "Forbidden",
            "content": {
              "application/json": {
                "schema": {
                  "$ref": "#/components/schemas/forbiddenResponse"
                }
              }
            }
          },
          "500": {
            "description": "Server Error",
            "content": {
              "application/json": {
                "schema": {
                  "$ref": "#/components/schemas/serverErrorResponse"
                }
              }
            }
          }
        },
        "security": [{ "ApiKeyAuth": [], "bearerAuth": [] }],
        "x-codegen-request-body-name": "body"
      }
    },
    "/menu/add": {
      "post": {
        "tags": ["General"],
        "summary": "Menu Add: Validate Credentials",
        "description": "Menu Add",

        "requestBody": {
          "$ref": "./resources/admin/general/menu/add.json"
        },
        "responses": {
          "200": {
            "description": "Success",
            "content": {
              "application/json": {
                "schema": {
                  "$ref": "#/components/schemas/successResponseObject"
                }
              }
            }
          },
          "400": {
            "description": "Bad Request",
            "content": {
              "application/json": {
                "schema": {
                  "$ref": "#/components/schemas/badRequestResponse"
                }
              }
            }
          },
          "401": {
            "description": "Unauthorized Access",
            "content": {
              "application/json": {
                "schema": {
                  "$ref": "#/components/schemas/unauthorizedResponse"
                }
              }
            }
          },
          "403": {
            "description": "Forbidden",
            "content": {
              "application/json": {
                "schema": {
                  "$ref": "#/components/schemas/forbiddenResponse"
                }
              }
            }
          },
          "500": {
            "description": "Server Error",
            "content": {
              "application/json": {
                "schema": {
                  "$ref": "#/components/schemas/serverErrorResponse"
                }
              }
            }
          }
        },
        "security": [{ "ApiKeyAuth": [], "bearerAuth": [] }],
        "x-codegen-request-body-name": "body"
      }
    },
    "/menu/list": {
      "get": {
        "tags": ["General"],
        "summary": "Menu List: Validate Credentials",
        "description": "Menu List",

        "requestBody": {
          "description": "An object defining our schema for this request",
          "content": {
            "application/x-www-form-urlencoded": {},
            "application/json": {}
          }
        },
        "responses": {
          "200": {
            "description": "Success",
            "content": {
              "application/json": {
                "schema": {
                  "$ref": "#/components/schemas/successResponseObject"
                }
              }
            }
          },
          "400": {
            "description": "Bad Request",
            "content": {
              "application/json": {
                "schema": {
                  "$ref": "#/components/schemas/badRequestResponse"
                }
              }
            }
          },
          "401": {
            "description": "Unauthorized Access",
            "content": {
              "application/json": {
                "schema": {
                  "$ref": "#/components/schemas/unauthorizedResponse"
                }
              }
            }
          },
          "403": {
            "description": "Forbidden",
            "content": {
              "application/json": {
                "schema": {
                  "$ref": "#/components/schemas/forbiddenResponse"
                }
              }
            }
          },
          "500": {
            "description": "Server Error",
            "content": {
              "application/json": {
                "schema": {
                  "$ref": "#/components/schemas/serverErrorResponse"
                }
              }
            }
          }
        },
        "security": [{ "ApiKeyAuth": [], "bearerAuth": [] }],
        "x-codegen-request-body-name": "body"
      }
    },
    "/menu/edit": {
      "post": {
        "tags": ["General"],
        "summary": "Menu Edit: Validate Credentials",
        "description": "Menu Edit",

        "requestBody": {
          "$ref": "./resources/admin/general/menu/edit.json"
        },
        "responses": {
          "200": {
            "description": "Success",
            "content": {
              "application/json": {
                "schema": {
                  "$ref": "#/components/schemas/successResponseObject"
                }
              }
            }
          },
          "400": {
            "description": "Bad Request",
            "content": {
              "application/json": {
                "schema": {
                  "$ref": "#/components/schemas/badRequestResponse"
                }
              }
            }
          },
          "401": {
            "description": "Unauthorized Access",
            "content": {
              "application/json": {
                "schema": {
                  "$ref": "#/components/schemas/unauthorizedResponse"
                }
              }
            }
          },
          "403": {
            "description": "Forbidden",
            "content": {
              "application/json": {
                "schema": {
                  "$ref": "#/components/schemas/forbiddenResponse"
                }
              }
            }
          },
          "500": {
            "description": "Server Error",
            "content": {
              "application/json": {
                "schema": {
                  "$ref": "#/components/schemas/serverErrorResponse"
                }
              }
            }
          }
        },
        "security": [{ "ApiKeyAuth": [], "bearerAuth": [] }],
        "x-codegen-request-body-name": "body"
      }
    },
    "/menu/delete": {
      "post": {
        "tags": ["General"],
        "summary": "Menu Delete: Validate Credentials",
        "description": "Menu Delete",
        "requestBody": {
          "$ref": "./resources/admin/general/menu/delete.json"
        },
        "responses": {
          "200": {
            "description": "Success",
            "content": {
              "application/json": {
                "schema": {
                  "$ref": "#/components/schemas/successResponseObject"
                }
              }
            }
          },
          "400": {
            "description": "Bad Request",
            "content": {
              "application/json": {
                "schema": {
                  "$ref": "#/components/schemas/badRequestResponse"
                }
              }
            }
          },
          "401": {
            "description": "Unauthorized Access",
            "content": {
              "application/json": {
                "schema": {
                  "$ref": "#/components/schemas/unauthorizedResponse"
                }
              }
            }
          },
          "403": {
            "description": "Forbidden",
            "content": {
              "application/json": {
                "schema": {
                  "$ref": "#/components/schemas/forbiddenResponse"
                }
              }
            }
          },
          "500": {
            "description": "Server Error",
            "content": {
              "application/json": {
                "schema": {
                  "$ref": "#/components/schemas/serverErrorResponse"
                }
              }
            }
          }
        },
        "security": [{ "ApiKeyAuth": [], "bearerAuth": [] }],
        "x-codegen-request-body-name": "body"
      }
    },
    "/menu/details/{id}": {
      "get": {
        "tags": ["General"],
        "summary": "Menu Details: Validate Credentials",
        "description": "Menu Details",
        "parameters": [
          {
            "$ref": "./resources/admin/general/menu/menuDetails.json#id"
          }
        ],
        "requestBody": {
          "description": "An object defining our schema for this request",
          "content": {
            "application/x-www-form-urlencoded": {},
            "application/json": {}
          }
        },
        "responses": {
          "200": {
            "description": "Success",
            "content": {
              "application/json": {
                "schema": {
                  "$ref": "#/components/schemas/successResponseObject"
                }
              }
            }
          },
          "400": {
            "description": "Bad Request",
            "content": {
              "application/json": {
                "schema": {
                  "$ref": "#/components/schemas/badRequestResponse"
                }
              }
            }
          },
          "401": {
            "description": "Unauthorized Access",
            "content": {
              "application/json": {
                "schema": {
                  "$ref": "#/components/schemas/unauthorizedResponse"
                }
              }
            }
          },
          "403": {
            "description": "Forbidden",
            "content": {
              "application/json": {
                "schema": {
                  "$ref": "#/components/schemas/forbiddenResponse"
                }
              }
            }
          },
          "500": {
            "description": "Server Error",
            "content": {
              "application/json": {
                "schema": {
                  "$ref": "#/components/schemas/serverErrorResponse"
                }
              }
            }
          }
        },
        "security": [{ "ApiKeyAuth": [], "bearerAuth": [] }],
        "x-codegen-request-body-name": "body"
      }
    },
    "/service/add": {
      "post": {
        "tags": ["Master"],
        "summary": "Service Add: Validate Credentials",
        "description": "Service Add",

        "requestBody": {
          "$ref": "./resources/admin/master/service/add.json"
        },
        "responses": {
          "200": {
            "description": "Success",
            "content": {
              "application/json": {
                "schema": {
                  "$ref": "#/components/schemas/successResponseObject"
                }
              }
            }
          },
          "400": {
            "description": "Bad Request",
            "content": {
              "application/json": {
                "schema": {
                  "$ref": "#/components/schemas/badRequestResponse"
                }
              }
            }
          },
          "401": {
            "description": "Unauthorized Access",
            "content": {
              "application/json": {
                "schema": {
                  "$ref": "#/components/schemas/unauthorizedResponse"
                }
              }
            }
          },
          "403": {
            "description": "Forbidden",
            "content": {
              "application/json": {
                "schema": {
                  "$ref": "#/components/schemas/forbiddenResponse"
                }
              }
            }
          },
          "500": {
            "description": "Server Error",
            "content": {
              "application/json": {
                "schema": {
                  "$ref": "#/components/schemas/serverErrorResponse"
                }
              }
            }
          }
        },
        "security": [{ "ApiKeyAuth": [], "bearerAuth": [] }],
        "x-codegen-request-body-name": "body"
      }
    },
    "/service/list": {
      "get": {
        "tags": ["Master"],
        "summary": "Service List: Validate Credentials",
        "description": "Service List",

        "requestBody": {
          "description": "An object defining our schema for this request",
          "content": {
            "application/x-www-form-urlencoded": {},
            "application/json": {}
          }
        },
        "responses": {
          "200": {
            "description": "Success",
            "content": {
              "application/json": {
                "schema": {
                  "$ref": "#/components/schemas/successResponseObject"
                }
              }
            }
          },
          "400": {
            "description": "Bad Request",
            "content": {
              "application/json": {
                "schema": {
                  "$ref": "#/components/schemas/badRequestResponse"
                }
              }
            }
          },
          "401": {
            "description": "Unauthorized Access",
            "content": {
              "application/json": {
                "schema": {
                  "$ref": "#/components/schemas/unauthorizedResponse"
                }
              }
            }
          },
          "403": {
            "description": "Forbidden",
            "content": {
              "application/json": {
                "schema": {
                  "$ref": "#/components/schemas/forbiddenResponse"
                }
              }
            }
          },
          "500": {
            "description": "Server Error",
            "content": {
              "application/json": {
                "schema": {
                  "$ref": "#/components/schemas/serverErrorResponse"
                }
              }
            }
          }
        },
        "security": [{ "ApiKeyAuth": [], "bearerAuth": [] }],
        "x-codegen-request-body-name": "body"
      }
    },
    "/service/edit": {
      "post": {
        "tags": ["Master"],
        "summary": "Service Edit: Validate Credentials",
        "description": "Service Edit",

        "requestBody": {
          "$ref": "./resources/admin/master/service/edit.json"
        },
        "responses": {
          "200": {
            "description": "Success",
            "content": {
              "application/json": {
                "schema": {
                  "$ref": "#/components/schemas/successResponseObject"
                }
              }
            }
          },
          "400": {
            "description": "Bad Request",
            "content": {
              "application/json": {
                "schema": {
                  "$ref": "#/components/schemas/badRequestResponse"
                }
              }
            }
          },
          "401": {
            "description": "Unauthorized Access",
            "content": {
              "application/json": {
                "schema": {
                  "$ref": "#/components/schemas/unauthorizedResponse"
                }
              }
            }
          },
          "403": {
            "description": "Forbidden",
            "content": {
              "application/json": {
                "schema": {
                  "$ref": "#/components/schemas/forbiddenResponse"
                }
              }
            }
          },
          "500": {
            "description": "Server Error",
            "content": {
              "application/json": {
                "schema": {
                  "$ref": "#/components/schemas/serverErrorResponse"
                }
              }
            }
          }
        },
        "security": [{ "ApiKeyAuth": [], "bearerAuth": [] }],
        "x-codegen-request-body-name": "body"
      }
    },
    "/service/delete": {
      "post": {
        "tags": ["Master"],
        "summary": "Service Delete: Validate Credentials",
        "description": "Service Delete",
        "requestBody": {
          "$ref": "./resources/admin/master/service/delete.json"
        },
        "responses": {
          "200": {
            "description": "Success",
            "content": {
              "application/json": {
                "schema": {
                  "$ref": "#/components/schemas/successResponseObject"
                }
              }
            }
          },
          "400": {
            "description": "Bad Request",
            "content": {
              "application/json": {
                "schema": {
                  "$ref": "#/components/schemas/badRequestResponse"
                }
              }
            }
          },
          "401": {
            "description": "Unauthorized Access",
            "content": {
              "application/json": {
                "schema": {
                  "$ref": "#/components/schemas/unauthorizedResponse"
                }
              }
            }
          },
          "403": {
            "description": "Forbidden",
            "content": {
              "application/json": {
                "schema": {
                  "$ref": "#/components/schemas/forbiddenResponse"
                }
              }
            }
          },
          "500": {
            "description": "Server Error",
            "content": {
              "application/json": {
                "schema": {
                  "$ref": "#/components/schemas/serverErrorResponse"
                }
              }
            }
          }
        },
        "security": [{ "ApiKeyAuth": [], "bearerAuth": [] }],
        "x-codegen-request-body-name": "body"
      }
    },
    "/service/details/{id}": {
      "get": {
        "tags": ["Master"],
        "summary": "Service Details: Validate Credentials",
        "description": "Service Details",
        "parameters": [
          {
            "$ref": "./resources/admin/master/service/details.json#id"
          }
        ],
        "requestBody": {
          "description": "An object defining our schema for this request",
          "content": {
            "application/x-www-form-urlencoded": {},
            "application/json": {}
          }
        },
        "responses": {
          "200": {
            "description": "Success",
            "content": {
              "application/json": {
                "schema": {
                  "$ref": "#/components/schemas/successResponseObject"
                }
              }
            }
          },
          "400": {
            "description": "Bad Request",
            "content": {
              "application/json": {
                "schema": {
                  "$ref": "#/components/schemas/badRequestResponse"
                }
              }
            }
          },
          "401": {
            "description": "Unauthorized Access",
            "content": {
              "application/json": {
                "schema": {
                  "$ref": "#/components/schemas/unauthorizedResponse"
                }
              }
            }
          },
          "403": {
            "description": "Forbidden",
            "content": {
              "application/json": {
                "schema": {
                  "$ref": "#/components/schemas/forbiddenResponse"
                }
              }
            }
          },
          "500": {
            "description": "Server Error",
            "content": {
              "application/json": {
                "schema": {
                  "$ref": "#/components/schemas/serverErrorResponse"
                }
              }
            }
          }
        },
        "security": [{ "ApiKeyAuth": [], "bearerAuth": [] }],
        "x-codegen-request-body-name": "body"
      }
    },
    "/certificate/add": {
      "post": {
        "tags": ["Master"],
        "summary": "certificate Add: Validate Credentials",
        "description": "certificate Add",

        "requestBody": {
          "$ref": "./resources/admin/master/certificate/add.json"
        },
        "responses": {
          "200": {
            "description": "Success",
            "content": {
              "application/json": {
                "schema": {
                  "$ref": "#/components/schemas/successResponseObject"
                }
              }
            }
          },
          "400": {
            "description": "Bad Request",
            "content": {
              "application/json": {
                "schema": {
                  "$ref": "#/components/schemas/badRequestResponse"
                }
              }
            }
          },
          "401": {
            "description": "Unauthorized Access",
            "content": {
              "application/json": {
                "schema": {
                  "$ref": "#/components/schemas/unauthorizedResponse"
                }
              }
            }
          },
          "403": {
            "description": "Forbidden",
            "content": {
              "application/json": {
                "schema": {
                  "$ref": "#/components/schemas/forbiddenResponse"
                }
              }
            }
          },
          "500": {
            "description": "Server Error",
            "content": {
              "application/json": {
                "schema": {
                  "$ref": "#/components/schemas/serverErrorResponse"
                }
              }
            }
          }
        },
        "security": [{ "ApiKeyAuth": [], "bearerAuth": [] }],
        "x-codegen-request-body-name": "body"
      }
    },
    "/certificate/list": {
      "get": {
        "tags": ["Master"],
        "summary": "certificate List: Validate Credentials",
        "description": "certificate List",

        "requestBody": {
          "description": "An object defining our schema for this request",
          "content": {
            "application/x-www-form-urlencoded": {},
            "application/json": {}
          }
        },
        "responses": {
          "200": {
            "description": "Success",
            "content": {
              "application/json": {
                "schema": {
                  "$ref": "#/components/schemas/successResponseObject"
                }
              }
            }
          },
          "400": {
            "description": "Bad Request",
            "content": {
              "application/json": {
                "schema": {
                  "$ref": "#/components/schemas/badRequestResponse"
                }
              }
            }
          },
          "401": {
            "description": "Unauthorized Access",
            "content": {
              "application/json": {
                "schema": {
                  "$ref": "#/components/schemas/unauthorizedResponse"
                }
              }
            }
          },
          "403": {
            "description": "Forbidden",
            "content": {
              "application/json": {
                "schema": {
                  "$ref": "#/components/schemas/forbiddenResponse"
                }
              }
            }
          },
          "500": {
            "description": "Server Error",
            "content": {
              "application/json": {
                "schema": {
                  "$ref": "#/components/schemas/serverErrorResponse"
                }
              }
            }
          }
        },
        "security": [{ "ApiKeyAuth": [], "bearerAuth": [] }],
        "x-codegen-request-body-name": "body"
      }
    },
    "/certificate/edit": {
      "post": {
        "tags": ["Master"],
        "summary": "certificate Edit: Validate Credentials",
        "description": "certificate Edit",

        "requestBody": {
          "$ref": "./resources/admin/master/certificate/edit.json"
        },
        "responses": {
          "200": {
            "description": "Success",
            "content": {
              "application/json": {
                "schema": {
                  "$ref": "#/components/schemas/successResponseObject"
                }
              }
            }
          },
          "400": {
            "description": "Bad Request",
            "content": {
              "application/json": {
                "schema": {
                  "$ref": "#/components/schemas/badRequestResponse"
                }
              }
            }
          },
          "401": {
            "description": "Unauthorized Access",
            "content": {
              "application/json": {
                "schema": {
                  "$ref": "#/components/schemas/unauthorizedResponse"
                }
              }
            }
          },
          "403": {
            "description": "Forbidden",
            "content": {
              "application/json": {
                "schema": {
                  "$ref": "#/components/schemas/forbiddenResponse"
                }
              }
            }
          },
          "500": {
            "description": "Server Error",
            "content": {
              "application/json": {
                "schema": {
                  "$ref": "#/components/schemas/serverErrorResponse"
                }
              }
            }
          }
        },
        "security": [{ "ApiKeyAuth": [], "bearerAuth": [] }],
        "x-codegen-request-body-name": "body"
      }
    },
    "/certificate/delete": {
      "post": {
        "tags": ["Master"],
        "summary": "certificate Delete: Validate Credentials",
        "description": "certificate Delete",
        "requestBody": {
          "$ref": "./resources/admin/master/certificate/delete.json"
        },
        "responses": {
          "200": {
            "description": "Success",
            "content": {
              "application/json": {
                "schema": {
                  "$ref": "#/components/schemas/successResponseObject"
                }
              }
            }
          },
          "400": {
            "description": "Bad Request",
            "content": {
              "application/json": {
                "schema": {
                  "$ref": "#/components/schemas/badRequestResponse"
                }
              }
            }
          },
          "401": {
            "description": "Unauthorized Access",
            "content": {
              "application/json": {
                "schema": {
                  "$ref": "#/components/schemas/unauthorizedResponse"
                }
              }
            }
          },
          "403": {
            "description": "Forbidden",
            "content": {
              "application/json": {
                "schema": {
                  "$ref": "#/components/schemas/forbiddenResponse"
                }
              }
            }
          },
          "500": {
            "description": "Server Error",
            "content": {
              "application/json": {
                "schema": {
                  "$ref": "#/components/schemas/serverErrorResponse"
                }
              }
            }
          }
        },
        "security": [{ "ApiKeyAuth": [], "bearerAuth": [] }],
        "x-codegen-request-body-name": "body"
      }
    },
    "/certificate/details/{id}": {
      "get": {
        "tags": ["Master"],
        "summary": "certificate Details: Validate Credentials",
        "description": "certificate Details",
        "parameters": [
          {
            "$ref": "./resources/admin/master/certificate/details.json#id"
          }
        ],
        "requestBody": {
          "description": "An object defining our schema for this request",
          "content": {
            "application/x-www-form-urlencoded": {},
            "application/json": {}
          }
        },
        "responses": {
          "200": {
            "description": "Success",
            "content": {
              "application/json": {
                "schema": {
                  "$ref": "#/components/schemas/successResponseObject"
                }
              }
            }
          },
          "400": {
            "description": "Bad Request",
            "content": {
              "application/json": {
                "schema": {
                  "$ref": "#/components/schemas/badRequestResponse"
                }
              }
            }
          },
          "401": {
            "description": "Unauthorized Access",
            "content": {
              "application/json": {
                "schema": {
                  "$ref": "#/components/schemas/unauthorizedResponse"
                }
              }
            }
          },
          "403": {
            "description": "Forbidden",
            "content": {
              "application/json": {
                "schema": {
                  "$ref": "#/components/schemas/forbiddenResponse"
                }
              }
            }
          },
          "500": {
            "description": "Server Error",
            "content": {
              "application/json": {
                "schema": {
                  "$ref": "#/components/schemas/serverErrorResponse"
                }
              }
            }
          }
        },
        "security": [{ "ApiKeyAuth": [], "bearerAuth": [] }],
        "x-codegen-request-body-name": "body"
      }
    }
  },
  "components": {
    "schemas": {
      "serverErrorResponse": {
        "title": "Server Error Response",
        "type": "object",
        "properties": {
          "error": {
            "type": "string"
          }
        },
        "example": {
          "error": "Something Went Wrong"
        }
      },
      "badRequestResponse": {
        "title": "Bad Request Response",
        "type": "object",
        "properties": {
          "error": {
            "type": "string"
          }
        },
        "example": {
          "error": "Bad request"
        }
      },
      "forbiddenResponse": {
        "title": "Forbidden Response",
        "type": "object",
        "properties": {
          "error": {
            "type": "string"
          }
        },
        "example": {
          "error": "Forbidden access"
        }
      },
      "unauthorizedResponse": {
        "title": "Unauthorized Response",
        "type": "object",
        "properties": {
          "error": {
            "type": "string"
          }
        },
        "example": {
          "error": "Unauthorized Access"
        }
      },
      "successResponseObject": {
        "title": "Success Response",
        "type": "object"
      }
    },
    "parameters": {
      "AcceptLanguage": {
        "name": "accept-language",
        "in": "header",
        "description": "Incase we want to send current language along our request",
        "schema": {
          "type": "string",
          "default": "en"
        }
      },
      "ApiKey": {
        "name": "x-api-key",
        "in": "header",
        "description": "Incase we want to send current custom api key along our request",
        "schema": {
          "type": "string",
          "default": ""
        }
      },
      "AccessToken": {
        "name": "token",
        "in": "header",
        "description": "Incase we want to send current custom access token along our request",
        "schema": {
          "type": "string",
          "default": ""
        }
      },
      "Id": {
        "name": "id",
        "required": true,
        "in": "path",
        "schema": {
          "type": "string"
        }
      },
      "Name": {
        "name": "name",
        "in": "query",
        "schema": {
          "type": "string"
        }
      },
      "XFormdataId": {
        "name": "x-formdata-id",
        "in": "header",
        "required": true,
        "description": "Incase we want to send x-formdata-id for access",
        "schema": {
          "type": "integer",
          "default": ""
        }
      }
    },
    "securitySchemes": {
      "ApiKeyAuth": {
        "type": "apiKey",
        "in": "header",
        "name": "x-api-key"
      },
      "bearerAuth": {
        "type": "http",
        "scheme": "bearer",
        "in": "header",
        "bearerFormat": "JWT"
      }
    }
  }
}
