{
  "job_id": {
    "name": "job_id",
    "in": "query",
    "required": true,
    "description": "job id which list you want",
    "schema": {
      "type": "integer",
      "example": 1,
      "default": ""
    }
  },
  "applicant_status": {
    "name": "applicant_status",
    "in": "query",
    "required": true,
    "description": "job id which list you want",
    "schema": {
      "type": "string",
      "enum": [
        "applied",
        "under_review",
        "shortlisted",
        "interview_scheduled",
        "interviewed",
        "offer_extended",
        "accepted",
        "rejected",
        "on_hold"
      ],
      "example": "",
      "default": ""
    }
  },
  "page": {
    "name": "page",
    "in": "query",
    "required": false,
    "description": "page which page list you want",
    "schema": {
      "type": "integer",
      "example": 1,
      "default": ""
    }
  },
  "limit": {
    "name": "limit",
    "in": "query",
    "required": false,
    "description": "how many items will fetch",
    "schema": {
      "type": "integer",
      "example": 10,
      "default": ""
    }
  },
  "name": {
    "name": "name",
    "in": "query",
    "required": false,
    "description": "name which name list you want",
    "schema": {
      "type": "string"
    }
  },
  "sort_order": {
    "name": "sort_order",
    "in": "query",
    "required": false,
    "description": "sort_order which sort_order list you want",
    "schema": {
      "type": "string",
      "enum": ["desc", "asc"],
      "default": "desc"
    }
  },
  "sort_by": {
    "name": "sort_by",
    "in": "query",
    "required": false,
    "description": "sort_by which sort_by list you want",
    "schema": {
      "type": "string",
      "enum": ["created_at", "name"],
      "default": "created_at"
    }
  }
}
