{
  "description": "An object defining our schema for this request",
  "content": {
    "application/x-www-form-urlencoded": {
      "schema": {
        "required": ["id", "job_id", "applicant_status"],
        "type": "object",
        "properties": {
          "id": {
            "type": "integer",
            "example": 1
          },
          "job_id": {
            "type": "integer",
            "example": 1
          },
          "applicant_status": {
            "type": "string",
            "enum": [
              "applied",
              "under_review",
              "shortlisted",
              "interview_scheduled",
              "interviewed",
              "offer_extended",
              "accepted",
              "rejected",
              "on_hold"
            ],
            "example": ""
          },
          "remarks": {
            "type": "string",
            "example": 1
          }
        }
      }
    },
    "application/json": {
      "schema": {
        "required": ["id", "job_id", "applicant_status"],
        "type": "object",
        "properties": {
          "id": {
            "type": "integer",
            "example": 1
          },
          "job_id": {
            "type": "integer",
            "example": 1
          },
          "applicant_status": {
            "type": "string",
            "enum": [
              "applied",
              "under_review",
              "shortlisted",
              "interview_scheduled",
              "interviewed",
              "offer_extended",
              "accepted",
              "rejected",
              "on_hold"
            ],
            "example": ""
          },
          "remarks": {
            "type": "string",
            "example": 1
          }
        }
      }
    }
  },
  "required": true
}
