{
  "description": "An object defining our schema for this request",
  "content": {
    "application/x-www-form-urlencoded": {
      "schema": {
        "required": ["id", "title", "job_no", "status"],
        "type": "object",
        "properties": {
          "id": {
            "type": "integer",
            "example": 1
          },
          "title": {
            "type": "string",
            "example": ""
          },
          "job_no": {
            "type": "string",
            "example": ""
          },
          "experience_level": {
            "type": "string",
            "example": ""
          },
          "job_location": {
            "type": "string",
            "example": ""
          },
          "job_type": {
            "type": "string",
            "example": ""
          },
          "year_of_experience": {
            "type": "string",
            "example": ""
          },
          "work_mode": {
            "type": "string",
            "example": ""
          },
          "salary": {
            "type": "integer",
            "example": ""
          },
          "currency_name": {
            "type": "string",
            "example": ""
          },
          "is_salary_not_disclosed": {
            "type": "string",
            "enum": ["yes", "no"],
            "default": "no"
          },
          "no_of_vacancy": {
            "type": "integer",
            "example": ""
          },
          "responsibilities": {
            "type": "string",
            "example": ""
          },
          "requirements": {
            "type": "string",
            "example": ""
          },
          "is_urgently_needed": {
            "type": "string",
            "enum": ["yes", "no"],
            "default": "no"
          },
          "job_status": {
            "type": "string",
            "enum": ["open", "closed"],
            "default": "open"
          },
          "status": {
            "type": "string",
            "enum": ["active", "inactive"],
            "default": "active"
          }
        }
      }
    },
    "application/json": {
      "schema": {
        "required": ["id", "title", "job_no", "status"],
        "type": "object",
        "properties": {
          "id": {
            "type": "integer",
            "example": 1
          },
          "title": {
            "type": "string",
            "example": ""
          },
          "job_no": {
            "type": "string",
            "example": ""
          },
          "experience_level": {
            "type": "string",
            "example": ""
          },
          "job_location": {
            "type": "string",
            "example": ""
          },
          "job_type": {
            "type": "string",
            "example": ""
          },
          "year_of_experience": {
            "type": "string",
            "example": ""
          },
          "work_mode": {
            "type": "string",
            "example": ""
          },
          "salary": {
            "type": "integer",
            "example": ""
          },
          "currency_name": {
            "type": "string",
            "example": ""
          },
          "is_salary_not_disclosed": {
            "type": "string",
            "enum": ["yes", "no"],
            "default": "no"
          },
          "no_of_vacancy": {
            "type": "integer",
            "example": ""
          },
          "responsibilities": {
            "type": "string",
            "example": ""
          },
          "requirements": {
            "type": "string",
            "example": ""
          },
          "is_urgently_needed": {
            "type": "string",
            "enum": ["yes", "no"],
            "default": "no"
          },
          "job_status": {
            "type": "string",
            "enum": ["open", "closed"],
            "default": "open"
          },
          "status": {
            "type": "string",
            "enum": ["active", "inactive"],
            "default": "active"
          }
        }
      }
    }
  },
  "required": true
}
