{
  "description": "An object defining our schema for this request",
  "content": {
    "multipart/form-data": {
      "schema": {
        "required": ["email", "role_id", "name", "password"],
        "type": "object",
        "properties": {
          "email": {
            "type": "string",
            "format": "email",
            "example": ""
          },
          "role_id": {
            "type": "integer"
          },
          "name": {
            "type": "string"
          },
          "status": {
            "type": "string",
            "enum": ["active", "inactive", "withdrawal"],
            "default": "active"
          },
          "password": {
            "type": "string"
          },
          "file": {
            "type": "string",
            "format": "binary"
          }
        }
      }
    }
  },
  "required": true
}
