{
    "description": "An object defining our schema for this request",
    "content": {
        "application/x-www-form-urlencoded": {
            "schema": {
                "required": ["old_password","new_password","confirm_password"],
                "type": "object",
                "properties":{
                    "user_id": {
                        "type": "integer",
                        "example":1
                    },
                    "old_password": {
                        "type": "string",
                        "example":"Abc@1234"
                    },
                    "new_password": {
                        "type": "string",
                        "example":"Abc@12345"
                    },
                    "confirm_password": {
                        "type": "string",
                        "example":"Abc@12345"
                    }
                }
            }
        },
        "application/json": {
            "schema": {
                "required": ["old_password","new_password","confirm_password"],
                "type": "object",
                "properties":{
                    "user_id": {
                        "type": "integer",
                        "example":1
                    },
                    "old_password": {
                        "type": "string",
                        "example":"Abc@1234"
                    },
                    "new_password": {
                        "type": "string",
                        "example":"Abc@12345"
                    },
                    "confirm_password": {
                        "type": "string",
                        "example":"Abc@12345"
                    }
                }
            }
        }   
    },
    "required": true
}