{
    "description": "An object defining our schema for this request",
    "content": {
        "application/x-www-form-urlencoded": {
            "schema": {
                "required": [],
                "type": "object",
                "properties":{
                    "user_id": {
                        "type": "integer",
                        "example":1
                    }
                }
            }
        },
        "application/json": {
            "schema": {
                "required": [],
                "type": "object",
                "properties":{
                    "user_id": {
                        "type": "integer",
                        "example":1
                    }
                }
            }
        }   
    },
    "required": true
}