{
    "description": "An object defining our schema for this request",
    "content": {
        "multipart/form-data": {
            "schema": {
                "required": ["name"],
                "type": "object",
                "properties":{
                    "name": {
                        "type": "string"
                    },
                    "file": {
                        "type": "string",
                        "format":"binary"
                    }
                }
            }
        },
        "application/x-www-form-urlencoded": {
            "schema": {
                "required": ["name"],
                "type": "object",
                "properties":{
                    "name": {
                        "type": "string"
                    },
                    "file": {
                        "type": "string",
                        "format":"binary"
                    }
                }
            }
        } 
    },
    "required": true
}