{
  "description": "An object defining our schema for this request",
  "content": {
    "application/x-www-form-urlencoded": {
      "schema": {
        "required": ["id", "temp_id", "content_status"],
        "type": "object",
        "properties": {
          "id": {
            "type": "integer",
            "example": 1
          },
          "temp_id": {
            "type": "integer",
            "example": ""
          },
          "comment": {
            "type": "string",
            "example": ""
          },
          "content_status": {
            "type": "string",
            "enum": ["approved", "rejected"],
            "default": ""
          }
        }
      }
    },
    "application/json": {
      "schema": {
        "required": ["id", "temp_id", "content_status"],
        "type": "object",
        "properties": {
          "id": {
            "type": "integer",
            "example": 1
          },
          "temp_id": {
            "type": "integer",
            "example": ""
          },
          "comment": {
            "type": "string",
            "example": ""
          },
          "content_status": {
            "type": "string",
            "enum": ["approved", "rejected"],
            "default": ""
          }
        }
      }
    }
  },
  "required": true
}
