{
    "description": "An object defining our schema for this request",
    "content": {
      "application/x-www-form-urlencoded": {
        "schema": {
          "required": ["email","name","country_id","purpose_type_id","message"],
          "type": "object",
          "properties": {
            "email": {
              "type": "string",
              "format":"email",
              "example":""
            },
            "name": {
              "type": "string",
              "example":""
            },
            "company_name": {
              "type": "string",
              "example":""
            },
            "country_id": {
              "type": "integer",
              "example":""
            },
            "purpose_type_id": {
              "type": "integer",
              "example":""
            },
            "message": {
              "type": "string",
              "example":""
            }
          }
        }
      },
      "application/json": {
        "schema": {
          "required": ["email", "name","country_id","purpose_type_id","message"],
          "type": "object",
          "properties": {
            "email": {
              "type": "string",
              "format":"email",
              "example":""
            },
            "name": {
              "type": "string",
              "example":""
            },
            "company_name": {
              "type": "string",
              "example":""
            },
            "country_id": {
              "type": "integer",
              "example":""
            },
            "purpose_type_id": {
              "type": "integer",
              "example":""
            },
            "message": {
              "type": "string",
              "example":""
            }
          }
        }
      }
    },
    "required": true
}