{
  "description": "An object defining our schema for this request",
  "content": {
    "application/x-www-form-urlencoded": {
      "schema": {
        "required": ["id"],
        "type": "object",
        "properties": {
          "id": {
            "type": "integer",
            "example": ""
          }
        }
      }
    },
    "application/json": {
      "schema": {
        "required": ["id"],
        "type": "object",
        "properties": {
          "id": {
            "type": "integer",
            "example": ""
          }
        }
      }
    }
  },
  "required": true
}
