{
  "description": "An object defining our schema for this request",
  "content": {
    "application/x-www-form-urlencoded": {
      "schema": {
        "required": ["sec"],
        "type": "object",
        "properties": {
          "sec": {
            "type": "string",
            "enum": [
              "activity_log",
              "award",
              "career",
              "clientele",
              "content_approval",
              "credential",
              "dashboard",
              "enquiry",
              "gallery",
              "news_event",
              "pages",
              "service",
              "setting",
              "success_story",
              "team",
              "tender",
              "user"
            ],
            "default": "dashboard"
          },
          "sub_sec": {
            "type": "string",
            "enum": [
              "about_us",
              "award",
              "career",
              "clientele",
              "contact_purpose",
              "contact_us",
              "credential",
              "faq",
              "gallery",
              "home",
              "more_about_us",
              "news_event",
              "role_permission",
              "service",
              "site_setting",
              "static_page",
              "success_story",
              "tender"
            ],
            "default": ""
          },
          "action": {
            "type": "string",
            "enum": ["add", "edit", "view", "list", "delete", "status_change"],
            "default": ""
          }
        }
      }
    },
    "application/json": {
      "schema": {
        "required": ["sec"],
        "type": "object",
        "properties": {
          "sec": {
            "type": "string",
            "enum": [
              "activity_log",
              "award",
              "career",
              "clientele",
              "content_approval",
              "credential",
              "dashboard",
              "enquiry",
              "gallery",
              "news_event",
              "pages",
              "service",
              "setting",
              "success_story",
              "team",
              "tender",
              "user"
            ],
            "default": "dashboard"
          },
          "sub_sec": {
            "type": "string",
            "enum": [
              "about_us",
              "award",
              "career",
              "clientele",
              "contact_purpose",
              "contact_us",
              "credential",
              "faq",
              "gallery",
              "home",
              "more_about_us",
              "news_event",
              "role_permission",
              "service",
              "site_setting",
              "static_page",
              "success_story",
              "tender"
            ],
            "default": ""
          },
          "action": {
            "type": "string",
            "enum": ["add", "edit", "view", "list", "delete", "status_change"],
            "default": ""
          }
        }
      }
    }
  },
  "required": true
}
