{
  "description": "An object defining our schema for this request",
  "content": {
    "application/json": {
      "schema": {
        "required": ["role_id", "user_id", "permissions"],
        "type": "object",
        "properties": {
          "role_id": {
            "type": "integer",
            "example": 1
          },
          "user_id": {
            "type": "integer",
            "example": 1
          },
          "permissions": {
            "type": "array",
            "items": { "id": { "type": "integer" }, "permission_id": { "type": "integer" } },
            "example": [{ "id": "", "permission_id": 1 }]
          }
        }
      }
    }
  },
  "required": true
}
