{
  "role_id": {
    "name": "role",
    "in": "query",
    "required": true,
    "description": "role which role permission list you want",
    "schema": {
      "type": "integer",
      "example": 1,
      "default": ""
    }
  },
  "user_id": {
    "name": "user_id",
    "in": "query",
    "required": true,
    "description": "user id which user role permission list you want",
    "schema": {
      "type": "integer",
      "example": 1,
      "default": ""
    }
  }
}
