{
  "page": {
    "name": "page",
    "in": "query",
    "required": false,
    "description": "page which page list you want",
    "schema": {
      "type": "integer",
      "example": 1,
      "default": ""
    }
  },
  "limit": {
    "name": "limit",
    "in": "query",
    "required": false,
    "description": "how many items will fetch",
    "schema": {
      "type": "integer",
      "example": 10,
      "default": ""
    }
  },
  "name": {
    "name": "name",
    "in": "query",
    "required": false,
    "description": "name which name list you want",
    "schema": {
      "type": "string"
    }
  },
  "sort_order": {
    "name": "sort_order",
    "in": "query",
    "required": false,
    "description": "sort_order which sort_order list you want",
    "schema": {
      "type": "string",
      "enum": ["asc", "desc"],
      "default": "asc"
    }
  },
  "sort_by": {
    "name": "sort_by",
    "in": "query",
    "required": false,
    "description": "sort_by which sort_by list you want",
    "schema": {
      "type": "string",
      "enum": ["id", "created_at"],
      "default": ""
    }
  }
}
