{
  "description": "An object defining our schema for this request",
  "content": {
    "application/x-www-form-urlencoded": {
      "schema": {
        "required": ["id", "setting_id"],
        "type": "object",
        "properties": {
          "id": {
            "type": "integer",
            "description": "image id",
            "example": 1
          },
          "setting_id": {
            "type": "integer",
            "description": "setting id",
            "example": 1
          }
        }
      }
    },
    "application/json": {
      "schema": {
        "required": ["id", "setting_id"],
        "type": "object",
        "properties": {
          "id": {
            "type": "integer",
            "description": "image id",
            "example": 1
          },
          "setting_id": {
            "type": "integer",
            "description": "setting id",
            "example": 1
          }
        }
      }
    }
  },
  "required": true
}
