{
  "description": "An object defining our schema for this request",
  "content": {
    "application/x-www-form-urlencoded": {
      "schema": {
        "required": [],
        "type": "object",
        "properties": {
          "id": {
            "type": "integer",
            "example": 1
          },
          "heading_txt": {
            "type": "string",
            "example": ""
          },
          "sub_heading_txt": {
            "type": "string",
            "example": ""
          },
          "content_title": {
            "type": "string",
            "example": ""
          },
          "content_text_1": {
            "type": "string",
            "example": ""
          },
          "content_text_2": {
            "type": "string",
            "example": ""
          },
          "content_title_1": {
            "type": "string",
            "example": ""
          },
          "content_countable_value": {
            "type": "string",
            "example": ""
          },
          "content_description": {
            "type": "string",
            "example": ""
          },
          "content_1_title": {
            "type": "string",
            "example": ""
          },
          "content_1_text_1": {
            "type": "string",
            "example": ""
          },
          "content_1_text_2": {
            "type": "string",
            "example": ""
          },
          "content_1_title_1": {
            "type": "string",
            "example": ""
          },
          "content_1_countable_value": {
            "type": "string",
            "example": ""
          },
          "content_1_description": {
            "type": "string",
            "example": ""
          },
          "content_2_title": {
            "type": "string",
            "example": ""
          },
          "content_2_text_1": {
            "type": "string",
            "example": ""
          },
          "content_2_text_2": {
            "type": "string",
            "example": ""
          },
          "content_2_title_1": {
            "type": "string",
            "example": ""
          },
          "content_2_countable_value": {
            "type": "string",
            "example": ""
          },
          "content_2_description": {
            "type": "string",
            "example": ""
          }
        }
      }
    },
    "application/json": {
      "schema": {
        "required": [],
        "type": "object",
        "properties": {
          "id": {
            "type": "integer",
            "example": 1
          },
          "heading_txt": {
            "type": "string",
            "example": ""
          },
          "sub_heading_txt": {
            "type": "string",
            "example": ""
          },
          "content_title": {
            "type": "string",
            "example": ""
          },
          "content_text_1": {
            "type": "string",
            "example": ""
          },
          "content_text_2": {
            "type": "string",
            "example": ""
          },
          "content_title_1": {
            "type": "string",
            "example": ""
          },
          "content_countable_value": {
            "type": "string",
            "example": ""
          },
          "content_description": {
            "type": "string",
            "example": ""
          },
          "content_1_title": {
            "type": "string",
            "example": ""
          },
          "content_1_text_1": {
            "type": "string",
            "example": ""
          },
          "content_1_text_2": {
            "type": "string",
            "example": ""
          },
          "content_1_title_1": {
            "type": "string",
            "example": ""
          },
          "content_1_countable_value": {
            "type": "string",
            "example": ""
          },
          "content_1_description": {
            "type": "string",
            "example": ""
          },
          "content_2_title": {
            "type": "string",
            "example": ""
          },
          "content_2_text_1": {
            "type": "string",
            "example": ""
          },
          "content_2_text_2": {
            "type": "string",
            "example": ""
          },
          "content_2_title_1": {
            "type": "string",
            "example": ""
          },
          "content_2_countable_value": {
            "type": "string",
            "example": ""
          },
          "content_2_description": {
            "type": "string",
            "example": ""
          }
        }
      }
    }
  },
  "required": true
}
