{
  "description": "An object defining our schema for this request",
  "content": {
    "multipart/form-data": {
      "schema": {
        "required": [],
        "type": "object",
        "properties": {
          "id": {
            "type": "integer",
            "example": 1
          },
          "title": {
            "type": "string",
            "example": ""
          },
          "heading_txt": {
            "type": "string",
            "example": ""
          },
          "sub_heading_txt": {
            "type": "string",
            "example": ""
          },
          "content": {
            "type": "string",
            "example": ""
          },
          "is_fdel": {
            "type": "string",
            "enum": ["y", "n"],
            "default": "n"
          },
          "file": {
            "type": "string",
            "format": "binary"
          }
        }
      }
    },
    "application/x-www-form-urlencoded": {
      "schema": {
        "required": [],
        "type": "object",
        "properties": {
          "id": {
            "type": "integer",
            "example": 1
          },
          "title": {
            "type": "string",
            "example": ""
          },
          "heading_txt": {
            "type": "string",
            "example": ""
          },
          "sub_heading_txt": {
            "type": "string",
            "example": ""
          },
          "content": {
            "type": "string",
            "example": ""
          },
          "is_fdel": {
            "type": "string",
            "enum": ["y", "n"],
            "default": "n"
          },
          "file": {
            "type": "string",
            "format": "binary"
          }
        }
      }
    }
  },
  "required": true
}
