{
  "description": "An object defining our schema for this request",
  "content": {
    "application/x-www-form-urlencoded": {
      "schema": {
        "required": [],
        "type": "object",
        "properties": {
          "id": {
            "type": "integer",
            "example": 1
          },
          "heading_txt": {
            "type": "string",
            "example": ""
          },
          "sub_heading_txt": {
            "type": "string",
            "example": ""
          },
          "rating": {
            "type": "integer",
            "example": ""
          },
          "trans_mode_data": {
            "type": "string",
            "example": ""
          },
          "trans_mode_data_txt": {
            "type": "string",
            "example": ""
          },
          "customer_data": {
            "type": "string",
            "example": ""
          },
          "customer_data_txt": {
            "type": "string",
            "example": ""
          },
          "cer_merit_data": {
            "type": "string",
            "example": ""
          },
          "cer_merit_data_txt": {
            "type": "string",
            "example": ""
          }
        }
      }
    },
    "application/json": {
      "schema": {
        "required": [],
        "type": "object",
        "properties": {
          "id": {
            "type": "integer",
            "example": 1
          },
          "heading_txt": {
            "type": "string",
            "example": ""
          },
          "sub_heading_txt": {
            "type": "string",
            "example": ""
          },
          "rating": {
            "type": "integer",
            "example": ""
          },
          "trans_mode_data": {
            "type": "string",
            "example": ""
          },
          "trans_mode_data_txt": {
            "type": "string",
            "example": ""
          },
          "customer_data": {
            "type": "string",
            "example": ""
          },
          "customer_data_txt": {
            "type": "string",
            "example": ""
          },
          "cer_merit_data": {
            "type": "string",
            "example": ""
          },
          "cer_merit_data_txt": {
            "type": "string",
            "example": ""
          }
        }
      }
    }
  },
  "required": true
}
