{
  "description": "An object defining our schema for this request",
  "content": {
    "multipart/form-data": {
      "schema": {
        "required": [],
        "type": "object",
        "properties": {
          "id": {
            "type": "integer",
            "example": 1
          },
          "heading": {
            "type": "string",
            "example": ""
          },
          "content": {
            "type": "string",
            "example": ""
          },
          "list_title": {
            "type": "string",
            "example": ""
          },
          "list_description": {
            "type": "string",
            "example": ""
          },
          "list_title_1": {
            "type": "string",
            "example": ""
          },
          "list_description_1": {
            "type": "string",
            "example": ""
          },
          "list_title_2": {
            "type": "string",
            "example": ""
          },
          "list_description_2": {
            "type": "string",
            "example": ""
          },
          "subject": {
            "type": "string",
            "example": ""
          },
          "description": {
            "type": "string",
            "example": ""
          },
          "is_fdel": {
            "type": "string",
            "enum": ["y", "n"],
            "default": "n"
          },
          "is_fdel_1": {
            "type": "string",
            "enum": ["y", "n"],
            "default": "n"
          },
          "file": {
            "type": "string",
            "format": "binary"
          },
          "file_1": {
            "type": "string",
            "format": "binary"
          }
        }
      }
    },
    "application/x-www-form-urlencoded": {
      "schema": {
        "required": [],
        "type": "object",
        "properties": {
          "id": {
            "type": "integer",
            "example": 1
          },
          "heading": {
            "type": "string",
            "example": ""
          },
          "content": {
            "type": "string",
            "example": ""
          },
          "list_title": {
            "type": "string",
            "example": ""
          },
          "list_description": {
            "type": "string",
            "example": ""
          },
          "list_title_1": {
            "type": "string",
            "example": ""
          },
          "list_description_1": {
            "type": "string",
            "example": ""
          },
          "list_title_2": {
            "type": "string",
            "example": ""
          },
          "list_description_2": {
            "type": "string",
            "example": ""
          },
          "subject": {
            "type": "string",
            "example": ""
          },
          "description": {
            "type": "string",
            "example": ""
          },
          "is_fdel": {
            "type": "string",
            "enum": ["y", "n"],
            "default": "n"
          },
          "is_fdel_1": {
            "type": "string",
            "enum": ["y", "n"],
            "default": "n"
          },
          "file": {
            "type": "string",
            "format": "binary"
          },
          "file_1": {
            "type": "string",
            "format": "binary"
          }
        }
      }
    }
  },
  "required": true
}
