{
  "description": "An object defining our schema for this request",
  "content": {
    "multipart/form-data": {
      "schema": {
        "required": [],
        "type": "object",
        "properties": {
          "id": {
            "type": "integer",
            "example": 1
          },
          "heading": {
            "type": "string",
            "example": ""
          },
          "content": {
            "type": "string",
            "example": ""
          },
          "botton_txt": {
            "type": "string",
            "example": ""
          },
          "detail_link": {
            "type": "string",
            "example": ""
          },
          "files": {
            "type": "array",
            "items": {
              "type": "string",
              "format": "binary"
            }
          }
        }
      }
    }
  },
  "required": true
}
