{
  "description": "An object defining our schema for this request",
  "content": {
    "multipart/form-data": {
      "schema": {
        "required": [],
        "type": "object",
        "properties": {
          "id": {
            "type": "integer",
            "example": 1
          },
          "setting_id": {
            "type": "integer",
            "example": 1
          },
          "hero_sec_main_heading": {
            "type": "string",
            "example": ""
          },
          "hero_sec_sub_heading": {
            "type": "string",
            "example": ""
          },
          "duration": {
            "type": "integer",
            "example": "put value in second"
          },
          "file": {
            "type": "string",
            "format": "binary"
          }
        }
      }
    },
    "application/x-www-form-urlencoded": {
      "schema": {
        "required": [],
        "type": "object",
        "properties": {
          "id": {
            "type": "integer",
            "example": 1
          },
          "setting_id": {
            "type": "integer",
            "example": 1
          },
          "hero_sec_main_heading": {
            "type": "string",
            "example": ""
          },
          "hero_sec_sub_heading": {
            "type": "string",
            "example": ""
          },
          "duration": {
            "type": "integer",
            "example": "put value in second"
          },
          "file": {
            "type": "string",
            "format": "binary"
          }
        }
      }
    }
  },
  "required": true
}
