{
  "description": "An object defining our schema for this request",
  "content": {
    "application/json": {
      "schema": {
        "required": [],
        "type": "object",
        "properties": {
          "id": {
            "type": "integer",
            "example": 1
          },
          "heading_text_1": {
            "type": "string",
            "example": ""
          },
          "heading_text_2": {
            "type": "string",
            "example": ""
          },
          "description": {
            "type": "string",
            "example": ""
          },
          "gse_fleet_label_val": {
            "type": "string",
            "example": ""
          },
          "gse_fleet_label_name": {
            "type": "string",
            "example": ""
          },
          "tons_of_cargo_label_val": {
            "type": "string",
            "example": ""
          },
          "tons_of_cargo_label_name": {
            "type": "string",
            "example": ""
          },
          "employees_label_val": {
            "type": "string",
            "example": ""
          },
          "employees_label_name": {
            "type": "string",
            "example": ""
          }
        }
      }
    },
    "application/x-www-form-urlencoded": {
      "schema": {
        "required": [],
        "type": "object",
        "properties": {
          "id": {
            "type": "integer",
            "example": 1
          },
          "heading_text_1": {
            "type": "string",
            "example": ""
          },
          "heading_text_2": {
            "type": "string",
            "example": ""
          },
          "description": {
            "type": "string",
            "example": ""
          },
          "gse_fleet_label_val": {
            "type": "string",
            "example": ""
          },
          "gse_fleet_label_name": {
            "type": "string",
            "example": ""
          },
          "tons_of_cargo_label_val": {
            "type": "string",
            "example": ""
          },
          "tons_of_cargo_label_name": {
            "type": "string",
            "example": ""
          },
          "employees_label_val": {
            "type": "string",
            "example": ""
          },
          "employees_label_name": {
            "type": "string",
            "example": ""
          }
        }
      }
    }
  },
  "required": true
}
