{
  "description": "An object defining our schema for this request",
  "content": {
    "multipart/form-data": {
      "schema": {
        "required": [],
        "type": "object",
        "properties": {
          "id": {
            "type": "integer",
            "example": 1
          },
          "sec3_main_heading": {
            "type": "string",
            "example": ""
          },
          "sec3_sub_heading": {
            "type": "string",
            "example": ""
          },
          "sec3_title1": {
            "type": "string",
            "example": ""
          },
          "sec3_des1": {
            "type": "string",
            "example": ""
          },
          "sec3_link1": {
            "type": "string",
            "example": ""
          },
          "sec3_title2": {
            "type": "string",
            "example": ""
          },
          "sec3_des2": {
            "type": "string",
            "example": ""
          },
          "sec3_link2": {
            "type": "string",
            "example": ""
          },
          "sec3_title3": {
            "type": "string",
            "example": ""
          },
          "sec3_des3": {
            "type": "string",
            "example": ""
          },
          "sec3_link3": {
            "type": "string",
            "example": ""
          },
          "is_fdel": {
            "type": "string",
            "example": "y/n",
            "default": "n"
          },
          "file": {
            "type": "string",
            "format": "binary"
          }
        }
      }
    },
    "application/x-www-form-urlencoded": {
      "schema": {
        "required": [],
        "type": "object",
        "properties": {
          "id": {
            "type": "integer",
            "example": 1
          },
          "sec3_main_heading": {
            "type": "string",
            "example": ""
          },
          "sec3_sub_heading": {
            "type": "string",
            "example": ""
          },
          "sec3_title1": {
            "type": "string",
            "example": ""
          },
          "sec3_des1": {
            "type": "string",
            "example": ""
          },
          "sec3_link1": {
            "type": "string",
            "example": ""
          },
          "sec3_title2": {
            "type": "string",
            "example": ""
          },
          "sec3_des2": {
            "type": "string",
            "example": ""
          },
          "sec3_link2": {
            "type": "string",
            "example": ""
          },
          "sec3_title3": {
            "type": "string",
            "example": ""
          },
          "sec3_des3": {
            "type": "string",
            "example": ""
          },
          "sec3_link3": {
            "type": "string",
            "example": ""
          },
          "is_fdel": {
            "type": "string",
            "enum": ["y", "n"],
            "default": "n"
          },
          "file": {
            "type": "string",
            "format": "binary"
          }
        }
      }
    }
  },
  "required": true
}
