{
    "description": "An object defining our schema for this request",
    "content": {
        "application/json": {
            "schema": {
                "required": [],
                "type": "object",
                "properties":{
                    "id": {
                        "type": "integer",
                        "example":1
                    },
                    "heading_text_1": {
                        "type": "string",
                        "example":""
                    },
                    "heading_text_2": {
                        "type": "string",
                        "example":""
                    },
                    "certificate": {
                        "type": "string",
                        "example":""
                    },
                    "awards": {
                        "type": "array",
                        "example":"[1,2,3]"
                    }
                }
            }
        }
    },
    "required": true
}