{
  "description": "An object defining our schema for this request",
  "content": {
    "application/json": {
      "schema": {
        "required": [],
        "type": "object",
        "properties": {
          "id": {
            "type": "integer",
            "example": 1
          },
          "title": {
            "type": "string",
            "example": ""
          },
          "description": {
            "type": "string",
            "example": ""
          },
          "news": {
            "type": "array",
            "example": "[1,2,3]"
          },
          "client_tele": {
            "type": "array",
            "example": "[1,2,3]"
          }
        }
      }
    }
  },
  "required": true
}
