{
    "description": "An object defining our schema for this request",
    "content": {
        "application/json": {
            "schema": {
                "required": ["blogs"],
                "type": "object",
                "properties":{
                    "id": {
                        "type": "integer",
                        "example":1
                    },
                    "blogs": {
                        "type": "array",
                        "example":"[1,2,3]"
                    }
                }
            }
        }
    },
    "required": true
}