{
  "$schema": "https://turbo.build/schema.json",
  "ui": "stream",
  "globalDependencies": [".env"],
  "tasks": {
    "build": {
      "dependsOn": ["^build"],
      "env": [
        "RMS_CLOUD_AGENT_ID",
        "RMS_CLOUD_AGENT_PASSWORD",
        "RMS_CLOUD_CLIENT_PASSWORD",
        "RMS_CLOUD_CLIENT_ID",
        "RMS_CLOUD_DEFAULT_URL",
        "RMS_CLOUD_DEFAULT_RATE_TYPE_ID",
        "RESEND_API_KEY",
        "NODE_ENV",
        "NEXT_PUBLIC_WEB_APP_URL",
        "DATABASE_URL",
        "TOKEN_SECRET",
        "COOKIE_SECRET",
        "HUBSPOT_API_KEY",
        "AWS_SECRET_ACCESS_KEY",
        "AWS_ACCESS_KEY_ID",
        "AWS_REGION",
        "S3_STATIC_BUCKET_NAME",
        "S3_DYNAMIC_BUCKET_NAME",
        "GOOGLE_CLIENT_ID",
        "GOOGLE_CLIENT_SECRET",
        "APPLE_BUNDLE_ID",
        "STRIPE_API_KEY",
        "STRIPE_BUSINESS_WEBHOOK_SECRET",
        "STRIPE_CUSTOMERS_WEBHOOK_SECRET",
        "STRIPE_PUBLIC_API_KEY",
        "YOTPO_API_KEY",
        "YOTPO_SECRET_KEY",
        "EXPO_ACCESS_TOKEN",
        "IS_LOCAL",
        "SENTRY_AUTH_TOKEN",
        "SENTRY_ENV",
        "S3_FILE_URL"
      ],
      "inputs": ["$TURBO_DEFAULT$", ".env"]
    },
    "lint": {
      "dependsOn": ["^lint"]
    },
    "dev": {
      "cache": false,
      "persistent": true
    },
    "start": {
      "dependsOn": ["^build"]
    }
  }
}
