{
  "description": "An object defining our schema for this request",
  "content": {
    "application/x-www-form-urlencoded": {
      "schema": {
        "required": ["uuid", "type", "user_session_id"],
        "type": "object",
        "properties": {
          "uuid": {
            "type": "integer"
          },
          "type": {
            "type": "string",
            "enum": ["news"],
            "default": "news"
          },
          "user_session_id": {
            "type": "string",
            "description": "generated session for a user while browse"
          },
          "ip": {
            "type": "string",
            "format": "ipv4",
            "description": "The IP address of the user",
            "example": "192.168.1.1"
          }
        }
      }
    },
    "application/json": {
      "schema": {
        "required": ["uuid", "type", "user_session_id"],
        "type": "object",
        "properties": {
          "uuid": {
            "type": "integer"
          },
          "type": {
            "type": "string",
            "enum": ["news"],
            "default": "news"
          },
          "user_session_id": {
            "type": "string",
            "description": "generated session for a user while browse"
          },
          "ip": {
            "type": "string",
            "format": "ipv4",
            "description": "The IP address of the user",
            "example": "192.168.1.1"
          }
        }
      }
    }
  },
  "required": true
}
