{
  "description": "An object defining our schema for this request",
  "content": {
    "multipart/form-data": {
      "schema": {
        "type": "object",
        "required": ["page_menu", "page_title", "status"],
        "properties": {
          "page_menu": {
            "type": "string",
            "example": ""
          },
          "page_title": {
            "type": "string"
          },
          "display_text": {
            "type": "string",
            "example": ""
          },
          "blone_caption_text": {
            "type": "string",
            "example": ""
          },
          "blone_title": {
            "type": "string",
            "example": ""
          },
          "blone_short_quotes": {
            "type": "string",
            "example": ""
          },
          "blone_description": {
            "type": "string",
            "example": ""
          },
          "blone_feature_list": {
            "type": "string",
            "example": [{ "title": "title one" }]
          },
          "blthree_caption_text": {
            "type": "string",
            "example": ""
          },
          "blthree_title": {
            "type": "string",
            "example": ""
          },
          "blthree_description": {
            "type": "string",
            "example": ""
          },
          "blthree_feature_list": {
            "type": "string",
            "example": [{ "title": "title", "description": "description" }]
          },
          "blfour_caption_text": {
            "type": "string",
            "example": ""
          },
          "blfour_title": {
            "type": "string",
            "example": ""
          },
          "blfour_description": {
            "type": "string",
            "example": ""
          },
          "blfour_feature_list": {
            "type": "string",
            "example": [{ "title": "title", "description": "description" }]
          },
          "blfive_title": {
            "type": "string",
            "example": ""
          },
          "blfive_description": {
            "type": "string",
            "example": ""
          },
          "blfive_feature_list": {
            "type": "string",
            "example": [{ "title": "title", "description": "description" }]
          },
          "status": {
            "type": "string",
            "enum": ["active", "inactive"],
            "default": "active"
          },
          "file": {
            "type": "string",
            "format": "binary"
          },
          "blone_file_rec": {
            "type": "string",
            "format": "binary"
          },
          "blone_file_sqa_up": {
            "type": "string",
            "format": "binary"
          },
          "blone_file_sqa_dn": {
            "type": "string",
            "format": "binary"
          },
          "bltwo_strip_file": {
            "type": "string",
            "format": "binary"
          },
          "blfour_file": {
            "type": "string",
            "format": "binary"
          }
        }
      }
    },
    "application/x-www-form-urlencoded": {
      "schema": {
        "type": "object",
        "required": ["page_menu", "page_title", "status"],
        "properties": {
          "page_menu": {
            "type": "string",
            "example": ""
          },
          "page_title": {
            "type": "string"
          },
          "display_text": {
            "type": "string",
            "example": ""
          },
          "blone_caption_text": {
            "type": "string",
            "example": ""
          },
          "blone_title": {
            "type": "string",
            "example": ""
          },
          "blone_short_quotes": {
            "type": "string",
            "example": ""
          },
          "blone_description": {
            "type": "string",
            "example": ""
          },
          "blone_feature_list": {
            "type": "string",
            "example": [{ "title": "title one" }]
          },
          "blthree_caption_text": {
            "type": "string",
            "example": ""
          },
          "blthree_title": {
            "type": "string",
            "example": ""
          },
          "blthree_description": {
            "type": "string",
            "example": ""
          },
          "blthree_feature_list": {
            "type": "string",
            "example": [{ "title": "title", "description": "description" }]
          },
          "blfour_caption_text": {
            "type": "string",
            "example": ""
          },
          "blfour_title": {
            "type": "string",
            "example": ""
          },
          "blfour_description": {
            "type": "string",
            "example": ""
          },
          "blfour_feature_list": {
            "type": "string",
            "example": [{ "title": "title", "description": "description" }]
          },
          "blfive_title": {
            "type": "string",
            "example": ""
          },
          "blfive_description": {
            "type": "string",
            "example": ""
          },
          "blfive_feature_list": {
            "type": "string",
            "example": [{ "title": "title", "description": "description" }]
          },
          "status": {
            "type": "string",
            "enum": ["active", "inactive"],
            "default": "active"
          },
          "file": {
            "type": "string",
            "format": "binary"
          },
          "blone_file_rec": {
            "type": "string",
            "format": "binary"
          },
          "blone_file_sqa_up": {
            "type": "string",
            "format": "binary"
          },
          "blone_file_sqa_dn": {
            "type": "string",
            "format": "binary"
          },
          "bltwo_strip_file": {
            "type": "string",
            "format": "binary"
          },
          "blfour_file": {
            "type": "string",
            "format": "binary"
          }
        }
      }
    }
  },
  "required": true
}
