{
  "description": "An object defining our schema for this request",
  "content": {
    "application/x-www-form-urlencoded": {
      "schema": {
        "type": "object",
        "required": ["page_id"],
        "properties": {
          "page_id": {
            "type": "integer"
          }
        }
      }
    },
    "application/json": {
      "schema": {
        "type": "object",
        "required": ["page_id"],
        "properties": {
          "page_id": {
            "type": "integer"
          }
        }
      }
    }
  },
  "required": true
}
