{
  "description": "An object defining our schema for this request",
  "content": {
    "application/x-www-form-urlencoded": {
      "schema": {
        "type": "object",
        "required": ["page_id", "status"],
        "properties": {
          "page_id": {
            "type": "integer"
          },
          "status": {
            "type": "string",
            "enum": ["active", "inactive"],
            "default": "active"
          }
        }
      }
    },
    "application/json": {
      "schema": {
        "type": "object",
        "required": ["page_id", "status"],
        "properties": {
          "page_id": {
            "type": "integer"
          },
          "status": {
            "type": "string",
            "enum": ["active", "inactive"],
            "default": "active"
          }
        }
      }
    }
  },
  "required": true
}
