{
  "description": "An object defining our schema for this request",
  "content": {
    "multipart/form-data": {
      "schema": {
        "required": ["client_name", "company_name", "designation", "description", "status"],
        "type": "object",
        "properties": {
          "client_name": {
            "type": "string",
            "example": ""
          },
          "company_name": {
            "type": "string",
            "example": ""
          },
          "designation": {
            "type": "string",
            "example": ""
          },
          "description": {
            "type": "string",
            "example": ""
          },
          "client_feedback": {
            "type": "string",
            "example": ""
          },
          "status": {
            "type": "string",
            "enum": ["active", "inactive"],
            "default": "active"
          },
          "file": {
            "type": "string",
            "format": "binary"
          }
        }
      }
    },
    "application/x-www-form-urlencoded": {
      "schema": {
        "required": ["client_name", "company_name", "designation", "description", "status"],
        "type": "object",
        "properties": {
          "client_name": {
            "type": "string",
            "example": ""
          },
          "company_name": {
            "type": "string",
            "example": ""
          },
          "designation": {
            "type": "string",
            "example": ""
          },
          "description": {
            "type": "string",
            "example": ""
          },
          "client_feedback": {
            "type": "string",
            "example": ""
          },
          "status": {
            "type": "string",
            "enum": ["active", "inactive"],
            "default": "active"
          },
          "file": {
            "type": "string",
            "format": "binary"
          }
        }
      }
    }
  },
  "required": true
}
