{
    "description": "An object defining our schema for this request",
    "content": {
      "application/x-www-form-urlencoded": {
        "schema": {
          "type": "object",
          "required":["page_type","title","content"],
          "properties":{
            "page_type": {
              "type": "string",
              "example":"terms-conditions/privacy-policies"
            },
            "title": {
              "type": "string"
            },
            "content": {
              "type": "string"
            }
          }
        }
      },
      "application/json": {
        "schema": {
          "type": "object",
          "required":["page_type","title","content"],
          "properties":{
            "page_type": {
              "type": "string",
              "example":"terms-conditions/privacy-policies"
            },
            "title": {
              "type": "string"
            },
            "content": {
              "type": "string"
            }
          }
        }
      }
    },
    "required": true
}