{
    "description": "An object defining our schema for this request",
    "content": {
      "application/x-www-form-urlencoded": {
        "schema": {
          "type": "object",
          "required":["page_type","page_id","status"],
          "properties":{
            "page_type": {
              "type": "string",
              "example":"terms-conditions/privacy-policies"
            },
            "page_id": {
              "type": "integer"
            },
            "status": {
              "type": "string",
              "example":"active/inactive"
            }
          }
        }
      },
      "application/json": {
        "schema": {
          "type": "object",
          "required":["page_type","page_id","status"],
          "properties":{
            "page_type": {
              "type": "string",
              "example":"terms-conditions/privacy-policies"
            },
            "page_id": {
              "type": "integer"
            },
            "status": {
              "type": "string",
              "example":"active/inactive"
            }
          }
        }
      }
    },
    "required": true
}