{
  "page": {
    "name": "page",
    "in": "query",
    "required": false,
    "description": "page which page list you want",
    "schema": {
      "type": "integer",
      "example": 1,
      "default": ""
    }
  },
  "limit": {
    "name": "limit",
    "in": "query",
    "required": false,
    "description": "how many items will fetch",
    "schema": {
      "type": "integer",
      "example": 10,
      "default": ""
    }
  },
  "search_text": {
    "name": "search_text",
    "in": "query",
    "required": false,
    "description": "name which name list you want",
    "schema": {
      "type": "string",
      "example": ""
    }
  },
  "search_category": {
    "name": "search_category",
    "in": "query",
    "required": false,
    "description": "search experience level from which experience list data you want to search.",
    "schema": {
      "type": "string",
      "example": ""
    }
  }
}
