{
  "description": "An object defining our schema for this request",
  "content": {
    "multipart/form-data": {
      "schema": {
        "required": [
          "job_id",
          "applicant_name",
          "applicant_email",
          "applicant_mobile",
          "applicant_address",
          "applicant_experience",
          "is_available_face_to_face",
          "is_ready_to_relocate",
          "highest_qualifiction",
          "name_of_institute",
          "date_of_completion",
          "company_name",
          "position_holding",
          "last_working_day",
          "reason_of_leaving",
          "file"
        ],
        "type": "object",
        "properties": {
          "job_id": {
            "type": "string",
            "description": "provide the uuid from the career list",
            "example": ""
          },
          "applicant_name": {
            "type": "string",
            "example": ""
          },
          "applicant_email": {
            "type": "string",
            "format": "email",
            "example": ""
          },
          "applicant_mobile": {
            "type": "string",
            "example": ""
          },
          "applicant_address": {
            "type": "string",
            "example": ""
          },
          "applicant_details": {
            "type": "string",
            "example": ""
          },
          "applicant_experience": {
            "type": "string",
            "example": ""
          },
          "is_available_face_to_face": {
            "type": "string",
            "enum": ["y", "n"]
          },
          "is_ready_to_relocate": {
            "type": "string",
            "enum": ["y", "n"]
          },
          "highest_qualifiction": {
            "type": "string",
            "example": ""
          },
          "name_of_institute": {
            "type": "string",
            "example": ""
          },
          "date_of_completion": {
            "type": "string",
            "format": "date",
            "description": "The date in YYYY-MM-DD format.",
            "example": ""
          },
          "company_name": {
            "type": "string",
            "example": ""
          },
          "position_holding": {
            "type": "string",
            "example": ""
          },
          "last_working_day": {
            "type": "string",
            "format": "date",
            "description": "The date in YYYY-MM-DD format.",
            "example": ""
          },
          "reason_of_leaving": {
            "type": "string",
            "example": ""
          },
          "file": {
            "type": "string",
            "format": "binary"
          }
        }
      }
    },
    "application/x-www-form-urlencoded": {
      "schema": {
        "required": [
          "job_id",
          "applicant_name",
          "applicant_email",
          "applicant_mobile",
          "applicant_address",
          "applicant_experience",
          "is_available_face_to_face",
          "is_ready_to_relocate",
          "highest_qualifiction",
          "name_of_institute",
          "date_of_completion",
          "company_name",
          "position_holding",
          "last_working_day",
          "reason_of_leaving",
          "file"
        ],
        "type": "object",
        "properties": {
          "job_id": {
            "type": "string",
            "description": "provide the uuid from the career list",
            "example": ""
          },
          "applicant_name": {
            "type": "string",
            "example": ""
          },
          "applicant_email": {
            "type": "string",
            "format": "email",
            "example": ""
          },
          "applicant_mobile": {
            "type": "string",
            "example": ""
          },
          "applicant_address": {
            "type": "string",
            "example": ""
          },
          "applicant_details": {
            "type": "string",
            "example": ""
          },
          "applicant_experience": {
            "type": "string",
            "example": ""
          },
          "is_available_face_to_face": {
            "type": "string",
            "enum": ["y", "n"]
          },
          "is_ready_to_relocate": {
            "type": "string",
            "enum": ["y", "n"]
          },
          "highest_qualifiction": {
            "type": "string",
            "example": ""
          },
          "name_of_institute": {
            "type": "string",
            "example": ""
          },
          "date_of_completion": {
            "type": "string",
            "format": "date",
            "description": "The date in YYYY-MM-DD format.",
            "example": ""
          },
          "company_name": {
            "type": "string",
            "example": ""
          },
          "position_holding": {
            "type": "string",
            "example": ""
          },
          "last_working_day": {
            "type": "string",
            "format": "date",
            "description": "The date in YYYY-MM-DD format.",
            "example": ""
          },
          "reason_of_leaving": {
            "type": "string",
            "example": ""
          },
          "file": {
            "type": "string",
            "format": "binary"
          }
        }
      }
    }
  },
  "required": true
}
