{
  "description": "An object defining our schema for this request",
  "content": {
    "multipart/form-data": {
      "schema": {
        "required": ["name", "description", "caption_text", "status"],
        "type": "object",
        "properties": {
          "name": {
            "type": "string",
            "example": ""
          },
          "description": {
            "type": "string",
            "example": ""
          },
          "caption_text": {
            "type": "string",
            "example": ""
          },
          "why_caption": {
            "type": "string",
            "example": ""
          },
          "why_introduction": {
            "type": "string",
            "example": ""
          },
          "why_description": {
            "type": "string",
            "example": ""
          },
          "why_reason_list": {
            "type": "string",
            "example": [{ "title": "", "description": "" }]
          },
          "status": {
            "type": "string",
            "example": "active/inactive"
          },
          "file": {
            "type": "string",
            "format": "binary"
          },
          "is_fdel_d": {
            "type": "string",
            "enum": ["y", "n"],
            "default": "n"
          },
          "is_fdel_w": {
            "type": "string",
            "enum": ["y", "n"],
            "default": "n"
          },
          "detail_file": {
            "type": "string",
            "format": "binary"
          },
          "why_file": {
            "type": "string",
            "format": "binary"
          }
        }
      }
    },
    "application/x-www-form-urlencoded": {
      "schema": {
        "required": ["name", "description", "caption_text", "status"],
        "type": "object",
        "properties": {
          "name": {
            "type": "string",
            "example": ""
          },
          "description": {
            "type": "string",
            "example": ""
          },
          "caption_text": {
            "type": "string",
            "example": ""
          },
          "why_caption": {
            "type": "string",
            "example": ""
          },
          "why_introduction": {
            "type": "string",
            "example": ""
          },
          "why_description": {
            "type": "string",
            "example": ""
          },
          "why_reason_list": {
            "type": "string",
            "example": [{ "title": "", "description": "" }]
          },
          "status": {
            "type": "string",
            "example": "active/inactive"
          },
          "file": {
            "type": "string",
            "format": "binary"
          },
          "is_fdel_d": {
            "type": "string",
            "enum": ["y", "n"],
            "default": "n"
          },
          "is_fdel_w": {
            "type": "string",
            "enum": ["y", "n"],
            "default": "n"
          },
          "detail_file": {
            "type": "string",
            "format": "binary"
          },
          "why_file": {
            "type": "string",
            "format": "binary"
          }
        }
      }
    }
  },
  "required": true
}
