{
  "description": "An object defining our schema for this request",
  "content": {
    "application/x-www-form-urlencoded": {
      "schema": {
        "required": ["id", "certificate_name", "status"],
        "type": "object",
        "properties": {
          "id": {
            "type": "integer",
            "example": 1
          },
          "certificate_name": {
            "type": "string",
            "example": ""
          },
          "status": {
            "type": "string",
            "enum": ["active", "inactive"],
            "example": "active"
          }
        }
      }
    },
    "application/json": {
      "schema": {
        "required": ["id", "certificate_name", "status"],
        "type": "object",
        "properties": {
          "id": {
            "type": "integer",
            "example": 1
          },
          "certificate_name": {
            "type": "string",
            "example": ""
          },
          "status": {
            "type": "string",
            "enum": ["active", "inactive"],
            "example": "active"
          }
        }
      }
    }
  },
  "required": true
}
