{
  "page_name": {
    "name": "page_name",
    "in": "query",
    "required": true,
    "description": "search page_name which details you want",
    "schema": {
      "type": "string",
      "enum": [
        "contact_us",
        "tender",
        "faq",
        "career",
        "awards",
        "service",
        "gallery",
        "success_story",
        "news_event",
        "clientele",
        "credentials"
      ],
      "example": "",
      "default": ""
    }
  }
}
