{
  "description": "An object defining our schema for this request",
  "content": {
    "multipart/form-data": {
      "schema": {
        "required": ["page_name"],
        "type": "object",
        "properties": {
          "id": {
            "type": "integer",
            "example": 1
          },
          "page_name": {
            "type": "string",
            "enum": ["service", "success_story"],
            "example": ""
          },
          "heading": {
            "type": "string",
            "example": ""
          },
          "sub_heading_txt": {
            "type": "string",
            "example": ""
          },
          "list_content_title": {
            "type": "string",
            "example": ""
          },
          "list_content_text_1": {
            "type": "string",
            "example": ""
          },
          "list_content_1_title": {
            "type": "string",
            "example": ""
          },
          "list_content_1_text_1": {
            "type": "string",
            "example": ""
          },
          "list_content_2_title": {
            "type": "string",
            "example": ""
          },
          "list_content_2_text_1": {
            "type": "string",
            "example": ""
          },
          "list_content_3_title": {
            "type": "string",
            "example": ""
          },
          "list_content_3_text_1": {
            "type": "string",
            "example": ""
          },
          "is_fdel": {
            "type": "string",
            "enum": ["y", "n"],
            "default": "n"
          },
          "is_fdel_1": {
            "type": "string",
            "enum": ["y", "n"],
            "default": "n"
          },
          "is_fdel_2": {
            "type": "string",
            "enum": ["y", "n"],
            "default": "n"
          },
          "is_fdel_3": {
            "type": "string",
            "enum": ["y", "n"],
            "default": "n"
          },
          "file": {
            "type": "string",
            "format": "binary"
          },
          "file_1": {
            "type": "string",
            "format": "binary"
          },
          "file_2": {
            "type": "string",
            "format": "binary"
          },
          "file_3": {
            "type": "string",
            "format": "binary"
          }
        }
      }
    },
    "application/x-www-form-urlencoded": {
      "schema": {
        "required": ["page_name"],
        "type": "object",
        "properties": {
          "id": {
            "type": "integer",
            "example": 1
          },
          "page_name": {
            "type": "string",
            "enum": ["service", "success_story"],
            "example": ""
          },
          "heading": {
            "type": "string",
            "example": ""
          },
          "sub_heading_txt": {
            "type": "string",
            "example": ""
          },
          "list_content_title": {
            "type": "string",
            "example": ""
          },
          "list_content_text_1": {
            "type": "string",
            "example": ""
          },
          "list_content_1_title": {
            "type": "string",
            "example": ""
          },
          "list_content_1_text_1": {
            "type": "string",
            "example": ""
          },
          "list_content_2_title": {
            "type": "string",
            "example": ""
          },
          "list_content_2_text_1": {
            "type": "string",
            "example": ""
          },
          "list_content_3_title": {
            "type": "string",
            "example": ""
          },
          "list_content_3_text_1": {
            "type": "string",
            "example": ""
          },
          "is_fdel": {
            "type": "string",
            "enum": ["y", "n"],
            "default": "n"
          },
          "is_fdel_1": {
            "type": "string",
            "enum": ["y", "n"],
            "default": "n"
          },
          "is_fdel_2": {
            "type": "string",
            "enum": ["y", "n"],
            "default": "n"
          },
          "is_fdel_3": {
            "type": "string",
            "enum": ["y", "n"],
            "default": "n"
          },
          "file": {
            "type": "string",
            "format": "binary"
          },
          "file_1": {
            "type": "string",
            "format": "binary"
          },
          "file_2": {
            "type": "string",
            "format": "binary"
          },
          "file_3": {
            "type": "string",
            "format": "binary"
          }
        }
      }
    }
  },
  "required": true
}
