{
  "description": "An object defining our schema for this request",
  "content": {
    "application/x-www-form-urlencoded": {
      "schema": {
        "required": [],
        "type": "object",
        "properties": {
          "id": {
            "type": "integer",
            "description": "setting id",
            "example": 1
          },
          "heading_txt": {
            "type": "string",
            "description": "",
            "example": ""
          },
          "sub_heading_txt": {
            "type": "string",
            "description": "",
            "example": ""
          },
          "role_data": {
            "type": "string",
            "description": "",
            "example": ""
          },
          "role_data_txt": {
            "type": "string",
            "description": "",
            "example": ""
          },
          "location_data": {
            "type": "string",
            "description": "",
            "example": ""
          },
          "location_data_txt": {
            "type": "string",
            "description": "",
            "example": ""
          },
          "txt_heading_1": {
            "type": "string",
            "description": "",
            "example": ""
          },
          "text_1": {
            "type": "string",
            "description": "",
            "example": ""
          },
          "hr_email": {
            "type": "string",
            "description": "",
            "example": ""
          }
        }
      }
    },
    "application/json": {
      "schema": {
        "required": [],
        "type": "object",
        "properties": {
          "id": {
            "type": "integer",
            "description": "setting id",
            "example": 1
          },
          "heading_txt": {
            "type": "string",
            "description": "",
            "example": ""
          },
          "sub_heading_txt": {
            "type": "string",
            "description": "",
            "example": ""
          },
          "role_data": {
            "type": "string",
            "description": "",
            "example": ""
          },
          "role_data_txt": {
            "type": "string",
            "description": "",
            "example": ""
          },
          "location_data": {
            "type": "string",
            "description": "",
            "example": ""
          },
          "location_data_txt": {
            "type": "string",
            "description": "",
            "example": ""
          },
          "txt_heading_1": {
            "type": "string",
            "description": "",
            "example": ""
          },
          "text_1": {
            "type": "string",
            "description": "",
            "example": ""
          },
          "hr_email": {
            "type": "string",
            "description": "",
            "example": ""
          }
        }
      }
    }
  },
  "required": true
}
