{
  "description": "An object defining our schema for this request",
  "content": {
    "application/x-www-form-urlencoded": {
      "schema": {
        "required": ["page_name"],
        "type": "object",
        "properties": {
          "id": {
            "type": "integer",
            "description": "setting id",
            "example": 1
          },
          "page_name": {
            "type": "string",
            "enum": ["service", "success_story"],
            "example": ""
          },
          "heading": {
            "type": "string",
            "description": "",
            "example": ""
          },
          "description": {
            "type": "string",
            "description": "",
            "example": ""
          },
          "button_name": {
            "type": "string",
            "description": "",
            "example": ""
          },
          "details_link": {
            "type": "string",
            "description": "",
            "example": ""
          }
        }
      }
    },
    "application/json": {
      "schema": {
        "required": ["page_name"],
        "type": "object",
        "properties": {
          "id": {
            "type": "integer",
            "description": "setting id",
            "example": 1
          },
          "page_name": {
            "type": "string",
            "enum": ["service", "success_story"],
            "example": ""
          },
          "heading": {
            "type": "string",
            "description": "",
            "example": ""
          },
          "description": {
            "type": "string",
            "description": "",
            "example": ""
          },
          "button_name": {
            "type": "string",
            "description": "",
            "example": ""
          },
          "details_link": {
            "type": "string",
            "description": "",
            "example": ""
          }
        }
      }
    }
  },
  "required": true
}
