{
  "description": "An object defining our schema for this request",
  "content": {
    "multipart/form-data": {
      "schema": {
        "required": ["page_name"],
        "type": "object",
        "properties": {
          "id": {
            "type": "integer",
            "example": 1
          },
          "page_name": {
            "type": "string",
            "enum": ["service", "success_story"],
            "example": ""
          },
          "heading_txt": {
            "type": "string",
            "example": ""
          },
          "heading_txt_1": {
            "type": "string",
            "example": ""
          },
          "description": {
            "type": "string",
            "example": ""
          },
          "count_data": {
            "type": "string",
            "example": ""
          },
          "count_data_txt": {
            "type": "string",
            "example": ""
          },
          "count_data_1_data": {
            "type": "string",
            "example": ""
          },
          "count_data_1_txt": {
            "type": "string",
            "example": ""
          },
          "count_data_2_data": {
            "type": "string",
            "example": ""
          },
          "count_data_2_txt": {
            "type": "string",
            "example": ""
          },
          "is_fdel": {
            "type": "string",
            "enum": ["y", "n"],
            "default": "n"
          },
          "file": {
            "type": "string",
            "format": "binary"
          }
        }
      }
    },
    "application/x-www-form-urlencoded": {
      "schema": {
        "required": ["page_name"],
        "type": "object",
        "properties": {
          "id": {
            "type": "integer",
            "example": 1
          },
          "page_name": {
            "type": "string",
            "enum": ["service", "success_story"],
            "example": ""
          },
          "heading_txt": {
            "type": "string",
            "example": ""
          },
          "heading_txt_1": {
            "type": "string",
            "example": ""
          },
          "description": {
            "type": "string",
            "example": ""
          },
          "count_data": {
            "type": "string",
            "example": ""
          },
          "count_data_txt": {
            "type": "string",
            "example": ""
          },
          "count_data_1_data": {
            "type": "string",
            "example": ""
          },
          "count_data_1_txt": {
            "type": "string",
            "example": ""
          },
          "count_data_2_data": {
            "type": "string",
            "example": ""
          },
          "count_data_2_txt": {
            "type": "string",
            "example": ""
          },
          "is_fdel": {
            "type": "string",
            "enum": ["y", "n"],
            "default": "n"
          },
          "file": {
            "type": "string",
            "format": "binary"
          }
        }
      }
    }
  },
  "required": true
}
