{
  "description": "An object defining our schema for this request",
  "content": {
    "multipart/form-data": {
      "schema": {
        "required": ["page_name"],
        "type": "object",
        "properties": {
          "id": {
            "type": "integer",
            "example": 1
          },
          "page_name": {
            "type": "string",
            "enum": [
              "contact_us",
              "tender",
              "faq",
              "career",
              "awards",
              "service",
              "gallery",
              "success_story",
              "news_event",
              "clientele",
              "credentials"
            ],
            "example": ""
          },
          "display_text": {
            "type": "string",
            "example": ""
          },
          "file": {
            "type": "string",
            "format": "binary"
          }
        }
      }
    },
    "application/x-www-form-urlencoded": {
      "schema": {
        "required": ["page_name"],
        "type": "object",
        "properties": {
          "id": {
            "type": "integer",
            "example": 1
          },
          "page_name": {
            "type": "string",
            "enum": [
              "contact_us",
              "tender",
              "faq",
              "career",
              "awards",
              "service",
              "gallery",
              "success_story",
              "news_event",
              "clientele",
              "credentials"
            ],
            "example": ""
          },
          "display_text": {
            "type": "string",
            "example": ""
          },
          "file": {
            "type": "string",
            "format": "binary"
          }
        }
      }
    }
  },
  "required": true
}
