{
  "description": "An object defining our schema for this request",
  "content": {
    "multipart/form-data": {
      "schema": {
        "required": ["name", "email"],
        "type": "object",
        "properties": {
          "name": {
            "type": "string",
            "example": ""
          },
          "email": {
            "type": "string",
            "format": "email",
            "example": ""
          },
          "mobile": {
            "type": "string",
            "example": ""
          },
          "address": {
            "type": "string",
            "example": ""
          },
          "latitude": {
            "type": "string",
            "example": ""
          },
          "longitude": {
            "type": "string",
            "example": ""
          },
          "embed_link": {
            "type": "string",
            "example": ""
          },
          "logo": {
            "type": "string",
            "format": "binary"
          }
        }
      }
    },
    "application/x-www-form-urlencoded": {
      "schema": {
        "required": ["name", "email"],
        "type": "object",
        "properties": {
          "name": {
            "type": "string",
            "example": ""
          },
          "email": {
            "type": "string",
            "format": "email",
            "example": ""
          },
          "mobile": {
            "type": "string",
            "example": ""
          },
          "address": {
            "type": "string",
            "example": ""
          },
          "latitude": {
            "type": "string",
            "example": ""
          },
          "longitude": {
            "type": "string",
            "example": ""
          },
          "embed_link": {
            "type": "string",
            "example": ""
          },
          "logo": {
            "type": "string",
            "format": "binary"
          }
        }
      }
    }
  },
  "required": true
}
