{
  "description": "An object defining our schema for this request",
  "content": {
    "multipart/form-data": {
      "schema": {
        "required": [
          "tender_category_id",
          "tender_name",
          "tender_no",
          "description",
          "start_at",
          "end_at",
          "file",
          "corrigendum_tender",
          "tender_status",
          "status"
        ],
        "type": "object",
        "properties": {
          "tender_category_id": {
            "type": "integer",
            "description": "send the id from the tender category list",
            "example": ""
          },
          "tender_name": {
            "type": "string",
            "example": ""
          },
          "tender_no": {
            "type": "string",
            "example": ""
          },
          "description": {
            "type": "string",
            "example": ""
          },
          "start_at": {
            "type": "string",
            "description": "send a date with Y-m-d format",
            "example": ""
          },
          "end_at": {
            "type": "string",
            "description": "send a date with Y-m-d format & must be greater than start_at",
            "example": ""
          },
          "corrigendum_tender": {
            "type": "string",
            "enum": ["yes", "no"],
            "default": "no"
          },
          "corrigendum_start_at": {
            "type": "string",
            "description": "send a date with Y-m-d format when corrigendum_tender is yes",
            "example": ""
          },
          "corrigendum_end_at": {
            "type": "string",
            "description": "send a date with Y-m-d format & must be greater that corrigendum_start_at when corrigendum_tender is yes",
            "example": ""
          },
          "tender_status": {
            "type": "string",
            "enum": ["open", "closed"],
            "default": "open"
          },
          "status": {
            "type": "string",
            "enum": ["active", "inactive"],
            "default": "active"
          },
          "file": {
            "type": "string",
            "format": "binary"
          },
          "file_co": {
            "type": "string",
            "format": "binary"
          }
        }
      }
    },
    "application/x-www-form-urlencoded": {
      "schema": {
        "required": [
          "tender_category_id",
          "tender_name",
          "tender_no",
          "description",
          "start_at",
          "end_at",
          "file",
          "corrigendum_tender",
          "tender_status",
          "status"
        ],
        "type": "object",
        "properties": {
          "tender_category_id": {
            "type": "integer",
            "description": "send the id from the tender category list",
            "example": ""
          },
          "tender_name": {
            "type": "string",
            "example": ""
          },
          "tender_no": {
            "type": "string",
            "example": ""
          },
          "description": {
            "type": "string",
            "example": ""
          },
          "start_at": {
            "type": "string",
            "description": "send a date with Y-m-d format",
            "example": ""
          },
          "end_at": {
            "type": "string",
            "description": "send a date with Y-m-d format & must be greater than start_at",
            "example": ""
          },
          "corrigendum_tender": {
            "type": "string",
            "enum": ["yes", "no"],
            "default": "no"
          },
          "corrigendum_start_at": {
            "type": "string",
            "description": "send a date with Y-m-d format when corrigendum_tender is yes",
            "example": ""
          },
          "corrigendum_end_at": {
            "type": "string",
            "description": "send a date with Y-m-d format & must be greater that corrigendum_start_at when corrigendum_tender is yes",
            "example": ""
          },
          "tender_status": {
            "type": "string",
            "enum": ["open", "closed"],
            "default": "open"
          },
          "status": {
            "type": "string",
            "enum": ["active", "inactive"],
            "default": "active"
          },
          "file": {
            "type": "string",
            "format": "binary"
          },
          "file_co": {
            "type": "string",
            "format": "binary"
          }
        }
      }
    }
  },
  "required": true
}
