{
    "description": "An object defining our schema for this request",
    "content": {
      "multipart/form-data": {
        "schema": {
          "required": ["title","published_at","status"],
          "type": "object",
          "properties":{
            "title": {
              "type": "string",
              "example":""
            },
            "short_description": {
              "type": "string"
            },
            "description": {
              "type": "string"
            },
            "website_link": {
              "type": "string"
            },
            "published_at": {
              "type": "string",
               "example":"Y-m-d format"
            },
            "status": {
              "type": "string",
              "example":"active/inactive"
            },
            "file": {
              "type": "string",
              "format":"binary"
            }
          }
        }
      },
      "application/x-www-form-urlencoded": {
        "schema": {
            "required": ["title","published_at","status"],
            "type": "object",
            "properties":{
                "title": {
                    "type": "string",
                    "example":""
                },
                "short_description": {
                    "type": "string"
                },
                "description": {
                    "type": "string"
                },
                "website_link": {
                    "type": "string"
                },
                "published_at": {
                    "type": "string",
                    "example":"Y-m-d format"
                },
                "status": {
                    "type": "string",
                    "example":"active/inactive"
                },
                "file": {
                    "type": "string",
                    "format":"binary"
                }
            }
        }
      }  
    },
    "required": true
}