{
    "description": "An object defining our schema for this request",
    "content": {
        "multipart/form-data": {
            "schema": {
                "required": ["id","title","type","published_at","status"],
                "type": "object",
                "properties":{
                    "id": {
                        "type": "integer",
                        "example":1
                    },
                    "title": {
                        "type": "string",
                        "example":""
                    },
                    "type": {
                        "type": "string",
                        "example":"announcement/news/notice/event"
                    },
                    "short_description": {
                        "type": "string"
                    },
                    "description": {
                        "type": "string"
                    },
                    "website_link": {
                        "type": "string"
                    },
                    "published_at": {
                        "type": "string",
                        "example":"Y-m-d format"
                    },
                    "status": {
                        "type": "string",
                        "example":"active/inactive"
                    },
                    "file": {
                        "type": "string",
                        "format":"binary"
                    }
                }
            }
        },
        "application/x-www-form-urlencoded": {
            "schema": {
                "required": ["id","title","type","published_at","status"],
                "type": "object",
                "properties":{
                    "id": {
                        "type": "integer",
                        "example":1
                    },
                    "title": {
                        "type": "string",
                        "example":""
                    },
                    "type": {
                        "type": "string",
                        "example":"announcement/news/notice/event"
                    },
                    "short_description": {
                        "type": "string"
                    },
                    "description": {
                        "type": "string"
                    },
                    "website_link": {
                        "type": "string"
                    },
                    "published_at": {
                        "type": "string",
                        "example":"Y-m-d format"
                    },
                    "status": {
                        "type": "string",
                        "example":"active/inactive"
                    },
                    "file": {
                        "type": "string",
                        "format":"binary"
                    }
                }
            }
        }   
    },
    "required": true
}