{
  "description": "An object defining our schema for this request",
  "content": {
    "application/x-www-form-urlencoded": {
      "schema": {
        "required": ["id", "remark", "has_read"],
        "type": "object",
        "properties": {
          "id": {
            "type": "integer",
            "example": 1
          },
          "remark": {
            "type": "string",
            "example": ""
          },
          "has_read": {
            "type": "string",
            "enum": ["y", "n"],
            "default": "n"
          }
        }
      }
    },
    "application/json": {
      "schema": {
        "required": ["id", "remark", "has_read"],
        "type": "object",
        "properties": {
          "id": {
            "type": "integer",
            "example": 1
          },
          "remark": {
            "type": "string",
            "example": ""
          },
          "has_read": {
            "type": "string",
            "enum": ["y", "n"],
            "default": "n"
          }
        }
      }
    }
  },
  "required": true
}
