{
  "description": "An object defining our schema for this request",
  "content": {
    "application/json": {
      "schema": {
        "required": ["name", "slug"],
        "type": "object",
        "properties": {
          "name": {
            "type": "string"
          },
          "slug": {
            "type": "string"
          },
          "type": {
            "type": "string"
          },
          "parent_id": {
            "type": "integer"
          }
        }
      }
    },
    "application/x-www-form-urlencoded": {
      "schema": {
        "required": ["name", "slug"],
        "type": "object",
        "properties": {
          "name": {
            "type": "string"
          },
          "slug": {
            "type": "string"
          },
          "type": {
            "type": "string"
          },
          "parent_id": {
            "type": "integer"
          }
        }
      }
    }
  },
  "required": true
}
