{
    "description": "An object defining our schema for this request",
    "content": {
      "application/x-www-form-urlencoded": {
        "schema": {
            "required": ["category_id","question","answer","status"],
            "type": "object",
            "properties":{
                "category_id": {
                  "type": "integer",
                  "example":""
                },
                "question": {
                  "type": "string"
                },
                "answer": {
                  "type": "string"
                },
                "status": {
                  "type": "string",
                  "example":"active/inactive"
                }
            }
        }
      },
      "application/json": {
        "schema": {
          "required": ["category_id","question","answer","status"],
          "type": "object",
          "properties":{
            "category_id": {
              "type": "integer",
              "example":""
            },
            "question": {
              "type": "string"
            },
            "answer": {
              "type": "string"
            },
            "status": {
              "type": "string",
              "example":"active/inactive"
            }
          }
        }
      }
    },
    "required": true
}