{
  "description": "An object defining our schema for this request",
  "content": {
    "multipart/form-data": {
      "schema": {
        "required": ["title", "status", "file"],
        "type": "object",
        "properties": {
          "title": {
            "type": "string",
            "example": ""
          },
          "status": {
            "type": "string",
            "enum": ["active", "inactive"],
            "example": ""
          },
          "file": {
            "type": "string",
            "format": "binary"
          }
        }
      }
    },
    "application/x-www-form-urlencoded": {
      "schema": {
        "required": ["title", "status", "file"],
        "type": "object",
        "properties": {
          "title": {
            "type": "string",
            "example": ""
          },
          "status": {
            "type": "string",
            "enum": ["active", "inactive"],
            "example": ""
          },
          "file": {
            "type": "string",
            "format": "binary"
          }
        }
      }
    }
  },
  "required": true
}
