{
    "description": "An object defining our schema for this request",
    "content": {
      "application/x-www-form-urlencoded": {
        "schema": {
          "required": ["user_id","verification_code","password"],
          "type": "object",
          "properties": {
            "user_id": {
              "type": "integer"
            },
            "verification_code": {
              "type": "string"
            },
            "password": {
              "type": "string"
            }
          }
        }
      },
      "application/json": {
        "schema": {
          "required": ["user_id","verification_code","password"],
          "type": "object",
          "properties": {
            "user_id": {
              "type": "integer"
            },
            "verification_code": {
              "type": "string"
            },
            "password": {
              "type": "string"
            }
          }
        }
      }
    },
    "required": true
}