{
  "description": "An object defining our schema for this request",
  "content": {
    "multipart/form-data": {
      "schema": {
        "required": ["member_name", "designation", "description", "status", "file"],
        "type": "object",
        "properties": {
          "member_name": {
            "type": "string",
            "example": ""
          },
          "designation": {
            "type": "string",
            "example": ""
          },
          "description": {
            "type": "string",
            "example": ""
          },
          "facebook_link": {
            "type": "string",
            "example": ""
          },
          "linkedin_link": {
            "type": "string",
            "example": ""
          },
          "twitter_link": {
            "type": "string",
            "example": ""
          },
          "status": {
            "type": "string",
            "enum": ["active", "inactive"],
            "default": "active"
          },
          "file": {
            "type": "string",
            "format": "binary"
          }
        }
      }
    },
    "application/x-www-form-urlencoded": {
      "schema": {
        "required": ["member_name", "designation", "description", "status", "file"],
        "type": "object",
        "properties": {
          "member_name": {
            "type": "string",
            "example": ""
          },
          "designation": {
            "type": "string",
            "example": ""
          },
          "description": {
            "type": "string",
            "example": ""
          },
          "facebook_link": {
            "type": "string",
            "example": ""
          },
          "linkedin_link": {
            "type": "string",
            "example": ""
          },
          "twitter_link": {
            "type": "string",
            "example": ""
          },
          "status": {
            "type": "string",
            "enum": ["active", "inactive"],
            "default": "active"
          },
          "file": {
            "type": "string",
            "format": "binary"
          }
        }
      }
    }
  },
  "required": true
}
